timecreated,dayofsemester,court,dayofcuort,monthh,dayofmonth,weekk,dayofweek,hourr,holidayss,loggedin
2022-03-23 00:00:00,2,1,2,1,2,1,2,0,0,65
2022-03-23 01:00:00,2,1,2,1,2,1,2,1,0,59
2022-03-23 02:00:00,2,1,2,1,2,1,2,2,0,70
2022-03-23 03:00:00,2,1,2,1,2,1,2,3,0,114
2022-03-23 04:00:00,2,1,2,1,2,1,2,4,0,60
2022-03-23 05:00:00,2,1,2,1,2,1,2,5,0,32
2022-03-23 06:00:00,2,1,2,1,2,1,2,6,0,7
2022-03-23 07:00:00,2,1,2,1,2,1,2,7,0,3
2022-03-23 08:00:00,2,1,2,1,2,1,2,8,0,4
2022-03-23 09:00:00,2,1,2,1,2,1,2,9,0,17
2022-03-23 10:00:00,2,1,2,1,2,1,2,10,0,40
2022-03-23 11:00:00,2,1,2,1,2,1,2,11,0,95
2022-03-23 12:00:00,2,1,2,1,2,1,2,12,0,113
2022-03-23 13:00:00,2,1,2,1,2,1,2,13,0,104
2022-03-23 14:00:00,2,1,2,1,2,1,2,14,0,87
2022-03-23 15:00:00,2,1,2,1,2,1,2,15,0,113
2022-03-23 16:00:00,2,1,2,1,2,1,2,16,0,96
2022-03-23 17:00:00,2,1,2,1,2,1,2,17,0,80
2022-03-23 18:00:00,2,1,2,1,2,1,2,18,0,75
2022-03-23 19:00:00,2,1,2,1,2,1,2,19,0,91
2022-03-23 20:00:00,2,1,2,1,2,1,2,20,0,102
2022-03-23 21:00:00,2,1,2,1,2,1,2,21,0,68
2022-03-23 22:00:00,2,1,2,1,2,1,2,22,0,81
2022-03-23 23:00:00,2,1,2,1,2,1,2,23,0,91
2022-03-24 00:00:00,3,1,3,1,3,1,3,0,0,102
2022-03-24 01:00:00,3,1,3,1,3,1,3,1,0,80
2022-03-24 02:00:00,3,1,3,1,3,1,3,2,0,78
2022-03-24 03:00:00,3,1,3,1,3,1,3,3,0,60
2022-03-24 04:00:00,3,1,3,1,3,1,3,4,0,36
2022-03-24 05:00:00,3,1,3,1,3,1,3,5,0,10
2022-03-24 06:00:00,3,1,3,1,3,1,3,6,0,5
2022-03-24 07:00:00,3,1,3,1,3,1,3,7,0,3
2022-03-24 08:00:00,3,1,3,1,3,1,3,8,0,3
2022-03-24 09:00:00,3,1,3,1,3,1,3,9,0,6
2022-03-24 10:00:00,3,1,3,1,3,1,3,10,0,18
2022-03-24 11:00:00,3,1,3,1,3,1,3,11,0,36
2022-03-24 12:00:00,3,1,3,1,3,1,3,12,0,65
2022-03-24 13:00:00,3,1,3,1,3,1,3,13,0,103
2022-03-24 14:00:00,3,1,3,1,3,1,3,14,0,110
2022-03-24 15:00:00,3,1,3,1,3,1,3,15,0,107
2022-03-24 16:00:00,3,1,3,1,3,1,3,16,0,87
2022-03-24 17:00:00,3,1,3,1,3,1,3,17,0,67
2022-03-24 18:00:00,3,1,3,1,3,1,3,18,0,63
2022-03-24 19:00:00,3,1,3,1,3,1,3,19,0,81
2022-03-24 20:00:00,3,1,3,1,3,1,3,20,0,78
2022-03-24 21:00:00,3,1,3,1,3,1,3,21,0,78
2022-03-24 22:00:00,3,1,3,1,3,1,3,22,0,85
2022-03-24 23:00:00,3,1,3,1,3,1,3,23,0,71
2022-03-25 00:00:00,4,1,4,1,4,1,4,0,0,58
2022-03-25 01:00:00,4,1,4,1,4,1,4,1,0,84
2022-03-25 02:00:00,4,1,4,1,4,1,4,2,0,88
2022-03-25 03:00:00,4,1,4,1,4,1,4,3,0,72
2022-03-25 04:00:00,4,1,4,1,4,1,4,4,0,22
2022-03-25 05:00:00,4,1,4,1,4,1,4,5,0,13
2022-03-25 06:00:00,4,1,4,1,4,1,4,6,0,3
2022-03-25 07:00:00,4,1,4,1,4,1,4,7,0,2
2022-03-25 08:00:00,4,1,4,1,4,1,4,8,0,2
2022-03-25 09:00:00,4,1,4,1,4,1,4,9,0,5
2022-03-25 10:00:00,4,1,4,1,4,1,4,10,0,14
2022-03-25 11:00:00,4,1,4,1,4,1,4,11,0,33
2022-03-25 12:00:00,4,1,4,1,4,1,4,12,0,54
2022-03-25 13:00:00,4,1,4,1,4,1,4,13,0,114
2022-03-25 14:00:00,4,1,4,1,4,1,4,14,0,116
2022-03-25 15:00:00,4,1,4,1,4,1,4,15,0,114
2022-03-25 16:00:00,4,1,4,1,4,1,4,16,0,103
2022-03-25 17:00:00,4,1,4,1,4,1,4,17,0,76
2022-03-25 18:00:00,4,1,4,1,4,1,4,18,0,50
2022-03-25 19:00:00,4,1,4,1,4,1,4,19,0,24
2022-03-25 20:00:00,4,1,4,1,4,1,4,20,0,41
2022-03-25 21:00:00,4,1,4,1,4,1,4,21,0,111
2022-03-25 22:00:00,4,1,4,1,4,1,4,22,0,90
2022-03-25 23:00:00,4,1,4,1,4,1,4,23,0,96
2022-03-26 00:00:00,5,1,5,1,5,1,5,0,0,103
2022-03-26 01:00:00,5,1,5,1,5,1,5,1,0,79
2022-03-26 02:00:00,5,1,5,1,5,1,5,2,0,81
2022-03-26 03:00:00,5,1,5,1,5,1,5,3,0,51
2022-03-26 04:00:00,5,1,5,1,5,1,5,4,0,36
2022-03-26 05:00:00,5,1,5,1,5,1,5,5,0,10
2022-03-26 06:00:00,5,1,5,1,5,1,5,6,0,8
2022-03-26 07:00:00,5,1,5,1,5,1,5,7,0,4
2022-03-26 08:00:00,5,1,5,1,5,1,5,8,0,0
2022-03-26 09:00:00,5,1,5,1,5,1,5,9,0,6
2022-03-26 10:00:00,5,1,5,1,5,1,5,10,0,12
2022-03-26 11:00:00,5,1,5,1,5,1,5,11,0,23
2022-03-26 12:00:00,5,1,5,1,5,1,5,12,0,70
2022-03-26 13:00:00,5,1,5,1,5,1,5,13,0,72
2022-03-26 14:00:00,5,1,5,1,5,1,5,14,0,107
2022-03-26 15:00:00,5,1,5,1,5,1,5,15,0,106
2022-03-26 16:00:00,5,1,5,1,5,1,5,16,0,109
2022-03-26 17:00:00,5,1,5,1,5,1,5,17,0,117
2022-03-26 18:00:00,5,1,5,1,5,1,5,18,0,78
2022-03-26 19:00:00,5,1,5,1,5,1,5,19,0,70
2022-03-26 20:00:00,5,1,5,1,5,1,5,20,0,106
2022-03-26 21:00:00,5,1,5,1,5,1,5,21,0,63
2022-03-26 22:00:00,5,1,5,1,5,1,5,22,0,67
2022-03-26 23:00:00,5,1,5,1,5,1,5,23,0,71
2022-03-27 00:00:00,6,1,6,1,6,1,6,0,0,73
2022-03-27 01:00:00,6,1,6,1,6,1,6,1,0,55
2022-03-27 02:00:00,6,1,6,1,6,1,6,2,0,49
2022-03-27 03:00:00,6,1,6,1,6,1,6,3,0,34
2022-03-27 04:00:00,6,1,6,1,6,1,6,4,0,26
2022-03-27 05:00:00,6,1,6,1,6,1,6,5,0,16
2022-03-27 06:00:00,6,1,6,1,6,1,6,6,0,6
2022-03-27 07:00:00,6,1,6,1,6,1,6,7,0,1
2022-03-27 08:00:00,6,1,6,1,6,1,6,8,0,1
2022-03-27 09:00:00,6,1,6,1,6,1,6,9,0,6
2022-03-27 10:00:00,6,1,6,1,6,1,6,10,0,2
2022-03-27 11:00:00,6,1,6,1,6,1,6,11,0,9
2022-03-27 12:00:00,6,1,6,1,6,1,6,12,0,20
2022-03-27 13:00:00,6,1,6,1,6,1,6,13,0,32
2022-03-27 14:00:00,6,1,6,1,6,1,6,14,0,66
2022-03-27 15:00:00,6,1,6,1,6,1,6,15,0,115
2022-03-27 16:00:00,6,1,6,1,6,1,6,16,0,113
2022-03-27 17:00:00,6,1,6,1,6,1,6,17,0,84
2022-03-27 18:00:00,6,1,6,1,6,1,6,18,0,94
2022-03-27 19:00:00,6,1,6,1,6,1,6,19,0,121
2022-03-27 20:00:00,6,1,6,1,6,1,6,20,0,103
2022-03-27 21:00:00,6,1,6,1,6,1,6,21,0,96
2022-03-27 22:00:00,6,1,6,1,6,1,6,22,0,104
2022-03-27 23:00:00,6,1,6,1,6,1,6,23,0,98
2022-03-28 00:00:00,7,1,7,1,7,2,0,0,0,100
2022-03-28 01:00:00,7,1,7,1,7,2,0,1,0,110
2022-03-28 02:00:00,7,1,7,1,7,2,0,2,0,109
2022-03-28 03:00:00,7,1,7,1,7,2,0,3,0,82
2022-03-28 04:00:00,7,1,7,1,7,2,0,4,0,44
2022-03-28 05:00:00,7,1,7,1,7,2,0,5,0,13
2022-03-28 06:00:00,7,1,7,1,7,2,0,6,0,4
2022-03-28 07:00:00,7,1,7,1,7,2,0,7,0,9
2022-03-28 08:00:00,7,1,7,1,7,2,0,8,0,3
2022-03-28 09:00:00,7,1,7,1,7,2,0,9,0,8
2022-03-28 10:00:00,7,1,7,1,7,2,0,10,0,19
2022-03-28 11:00:00,7,1,7,1,7,2,0,11,0,71
2022-03-28 12:00:00,7,1,7,1,7,2,0,12,0,117
2022-03-28 13:00:00,7,1,7,1,7,2,0,13,0,182
2022-03-28 14:00:00,7,1,7,1,7,2,0,14,0,169
2022-03-28 15:00:00,7,1,7,1,7,2,0,15,0,181
2022-03-28 16:00:00,7,1,7,1,7,2,0,16,0,133
2022-03-28 17:00:00,7,1,7,1,7,2,0,17,0,130
2022-03-28 18:00:00,7,1,7,1,7,2,0,18,0,166
2022-03-28 19:00:00,7,1,7,1,7,2,0,19,0,192
2022-03-28 20:00:00,7,1,7,1,7,2,0,20,0,183
2022-03-28 21:00:00,7,1,7,1,7,2,0,21,0,167
2022-03-28 22:00:00,7,1,7,1,7,2,0,22,0,172
2022-03-28 23:00:00,7,1,7,1,7,2,0,23,0,151
2022-03-29 00:00:00,8,1,8,1,8,2,1,0,0,196
2022-03-29 01:00:00,8,1,8,1,8,2,1,1,0,163
2022-03-29 02:00:00,8,1,8,1,8,2,1,2,0,147
2022-03-29 03:00:00,8,1,8,1,8,2,1,3,0,156
2022-03-29 04:00:00,8,1,8,1,8,2,1,4,0,65
2022-03-29 05:00:00,8,1,8,1,8,2,1,5,0,13
2022-03-29 06:00:00,8,1,8,1,8,2,1,6,0,7
2022-03-29 07:00:00,8,1,8,1,8,2,1,7,0,4
2022-03-29 08:00:00,8,1,8,1,8,2,1,8,0,2
2022-03-29 09:00:00,8,1,8,1,8,2,1,9,0,8
2022-03-29 10:00:00,8,1,8,1,8,2,1,10,0,24
2022-03-29 11:00:00,8,1,8,1,8,2,1,11,0,77
2022-03-29 12:00:00,8,1,8,1,8,2,1,12,0,126
2022-03-29 13:00:00,8,1,8,1,8,2,1,13,0,210
2022-03-29 14:00:00,8,1,8,1,8,2,1,14,0,264
2022-03-29 15:00:00,8,1,8,1,8,2,1,15,0,363
2022-03-29 16:00:00,8,1,8,1,8,2,1,16,0,255
2022-03-29 17:00:00,8,1,8,1,8,2,1,17,0,188
2022-03-29 18:00:00,8,1,8,1,8,2,1,18,0,187
2022-03-29 19:00:00,8,1,8,1,8,2,1,19,0,251
2022-03-29 20:00:00,8,1,8,1,8,2,1,20,0,209
2022-03-29 21:00:00,8,1,8,1,8,2,1,21,0,212
2022-03-29 22:00:00,8,1,8,1,8,2,1,22,0,160
2022-03-29 23:00:00,8,1,8,1,8,2,1,23,0,230
2022-03-30 00:00:00,9,1,9,1,9,2,2,0,0,190
2022-03-30 01:00:00,9,1,9,1,9,2,2,1,0,210
2022-03-30 02:00:00,9,1,9,1,9,2,2,2,0,234
2022-03-30 03:00:00,9,1,9,1,9,2,2,3,0,166
2022-03-30 04:00:00,9,1,9,1,9,2,2,4,0,64
2022-03-30 05:00:00,9,1,9,1,9,2,2,5,0,25
2022-03-30 06:00:00,9,1,9,1,9,2,2,6,0,9
2022-03-30 07:00:00,9,1,9,1,9,2,2,7,0,2
2022-03-30 08:00:00,9,1,9,1,9,2,2,8,0,3
2022-03-30 09:00:00,9,1,9,1,9,2,2,9,0,16
2022-03-30 10:00:00,9,1,9,1,9,2,2,10,0,40
2022-03-30 11:00:00,9,1,9,1,9,2,2,11,0,82
2022-03-30 12:00:00,9,1,9,1,9,2,2,12,0,132
2022-03-30 13:00:00,9,1,9,1,9,2,2,13,0,223
2022-03-30 14:00:00,9,1,9,1,9,2,2,14,0,282
2022-03-30 15:00:00,9,1,9,1,9,2,2,15,0,347
2022-03-30 16:00:00,9,1,9,1,9,2,2,16,0,225
2022-03-30 17:00:00,9,1,9,1,9,2,2,17,0,204
2022-03-30 18:00:00,9,1,9,1,9,2,2,18,0,193
2022-03-30 19:00:00,9,1,9,1,9,2,2,19,0,207
2022-03-30 20:00:00,9,1,9,1,9,2,2,20,0,240
2022-03-30 21:00:00,9,1,9,1,9,2,2,21,0,239
2022-03-30 22:00:00,9,1,9,1,9,2,2,22,0,244
2022-03-30 23:00:00,9,1,9,1,9,2,2,23,0,253
2022-03-31 00:00:00,10,1,10,1,10,2,3,0,0,265
2022-03-31 01:00:00,10,1,10,1,10,2,3,1,0,243
2022-03-31 02:00:00,10,1,10,1,10,2,3,2,0,196
2022-03-31 03:00:00,10,1,10,1,10,2,3,3,0,199
2022-03-31 04:00:00,10,1,10,1,10,2,3,4,0,67
2022-03-31 05:00:00,10,1,10,1,10,2,3,5,0,29
2022-03-31 06:00:00,10,1,10,1,10,2,3,6,0,8
2022-03-31 07:00:00,10,1,10,1,10,2,3,7,0,2
2022-03-31 08:00:00,10,1,10,1,10,2,3,8,0,1
2022-03-31 09:00:00,10,1,10,1,10,2,3,9,0,11
2022-03-31 10:00:00,10,1,10,1,10,2,3,10,0,40
2022-03-31 11:00:00,10,1,10,1,10,2,3,11,0,182
2022-03-31 12:00:00,10,1,10,1,10,2,3,12,0,129
2022-03-31 13:00:00,10,1,10,1,10,2,3,13,0,264
2022-03-31 14:00:00,10,1,10,1,10,2,3,14,0,298
2022-03-31 15:00:00,10,1,10,1,10,2,3,15,0,321
2022-03-31 16:00:00,10,1,10,1,10,2,3,16,0,230
2022-03-31 17:00:00,10,1,10,1,10,2,3,17,0,207
2022-03-31 18:00:00,10,1,10,1,10,2,3,18,0,199
2022-03-31 19:00:00,10,1,10,1,10,2,3,19,0,276
2022-03-31 20:00:00,10,1,10,1,10,2,3,20,0,251
2022-03-31 21:00:00,10,1,10,1,10,2,3,21,0,244
2022-03-31 22:00:00,10,1,10,1,10,2,3,22,0,206
2022-03-31 23:00:00,10,1,10,1,10,2,3,23,0,196
2022-04-01 00:00:00,11,1,11,1,11,2,4,0,0,248
2022-04-01 01:00:00,11,1,11,1,11,2,4,1,0,219
2022-04-01 02:00:00,11,1,11,1,11,2,4,2,0,224
2022-04-01 03:00:00,11,1,11,1,11,2,4,3,0,182
2022-04-01 04:00:00,11,1,11,1,11,2,4,4,0,80
2022-04-01 05:00:00,11,1,11,1,11,2,4,5,0,31
2022-04-01 06:00:00,11,1,11,1,11,2,4,6,0,10
2022-04-01 07:00:00,11,1,11,1,11,2,4,7,0,8
2022-04-01 08:00:00,11,1,11,1,11,2,4,8,0,3
2022-04-01 09:00:00,11,1,11,1,11,2,4,9,0,19
2022-04-01 10:00:00,11,1,11,1,11,2,4,10,0,27
2022-04-01 11:00:00,11,1,11,1,11,2,4,11,0,110
2022-04-01 12:00:00,11,1,11,1,11,2,4,12,0,153
2022-04-01 13:00:00,11,1,11,1,11,2,4,13,0,232
2022-04-01 14:00:00,11,1,11,1,11,2,4,14,0,220
2022-04-01 15:00:00,11,1,11,1,11,2,4,15,0,293
2022-04-01 16:00:00,11,1,11,1,11,2,4,16,0,217
2022-04-01 17:00:00,11,1,11,1,11,2,4,17,0,215
2022-04-01 18:00:00,11,1,11,1,11,2,4,18,0,195
2022-04-01 19:00:00,11,1,11,1,11,2,4,19,0,219
2022-04-01 20:00:00,11,1,11,1,11,2,4,20,0,211
2022-04-01 21:00:00,11,1,11,1,11,2,4,21,0,221
2022-04-01 22:00:00,11,1,11,1,11,2,4,22,0,235
2022-04-01 23:00:00,11,1,11,1,11,2,4,23,0,160
2022-04-02 00:00:00,12,1,12,1,12,2,5,0,0,176
2022-04-02 01:00:00,12,1,12,1,12,2,5,1,0,204
2022-04-02 02:00:00,12,1,12,1,12,2,5,2,0,212
2022-04-02 03:00:00,12,1,12,1,12,2,5,3,0,147
2022-04-02 04:00:00,12,1,12,1,12,2,5,4,0,63
2022-04-02 05:00:00,12,1,12,1,12,2,5,5,0,18
2022-04-02 06:00:00,12,1,12,1,12,2,5,6,0,8
2022-04-02 07:00:00,12,1,12,1,12,2,5,7,0,9
2022-04-02 08:00:00,12,1,12,1,12,2,5,8,0,3
2022-04-02 09:00:00,12,1,12,1,12,2,5,9,0,5
2022-04-02 10:00:00,12,1,12,1,12,2,5,10,0,19
2022-04-02 11:00:00,12,1,12,1,12,2,5,11,0,60
2022-04-02 12:00:00,12,1,12,1,12,2,5,12,0,184
2022-04-02 13:00:00,12,1,12,1,12,2,5,13,0,164
2022-04-02 14:00:00,12,1,12,1,12,2,5,14,0,185
2022-04-02 15:00:00,12,1,12,1,12,2,5,15,0,228
2022-04-02 16:00:00,12,1,12,1,12,2,5,16,0,253
2022-04-02 17:00:00,12,1,12,1,12,2,5,17,0,233
2022-04-02 18:00:00,12,1,12,1,12,2,5,18,0,209
2022-04-02 19:00:00,12,1,12,1,12,2,5,19,0,219
2022-04-02 20:00:00,12,1,12,1,12,2,5,20,0,195
2022-04-02 21:00:00,12,1,12,1,12,2,5,21,0,208
2022-04-02 22:00:00,12,1,12,1,12,2,5,22,0,176
2022-04-02 23:00:00,12,1,12,1,12,2,5,23,0,152
2022-04-03 00:00:00,13,1,13,1,13,2,6,0,0,135
2022-04-03 01:00:00,13,1,13,1,13,2,6,1,0,143
2022-04-03 02:00:00,13,1,13,1,13,2,6,2,0,103
2022-04-03 03:00:00,13,1,13,1,13,2,6,3,0,93
2022-04-03 04:00:00,13,1,13,1,13,2,6,4,0,58
2022-04-03 05:00:00,13,1,13,1,13,2,6,5,0,26
2022-04-03 06:00:00,13,1,13,1,13,2,6,6,0,13
2022-04-03 07:00:00,13,1,13,1,13,2,6,7,0,5
2022-04-03 08:00:00,13,1,13,1,13,2,6,8,0,3
2022-04-03 09:00:00,13,1,13,1,13,2,6,9,0,0
2022-04-03 10:00:00,13,1,13,1,13,2,6,10,0,2
2022-04-03 11:00:00,13,1,13,1,13,2,6,11,0,20
2022-04-03 12:00:00,13,1,13,1,13,2,6,12,0,42
2022-04-03 13:00:00,13,1,13,1,13,2,6,13,0,111
2022-04-03 14:00:00,13,1,13,1,13,2,6,14,0,178
2022-04-03 15:00:00,13,1,13,1,13,2,6,15,0,242
2022-04-03 16:00:00,13,1,13,1,13,2,6,16,0,286
2022-04-03 17:00:00,13,1,13,1,13,2,6,17,0,228
2022-04-03 18:00:00,13,1,13,1,13,2,6,18,0,266
2022-04-03 19:00:00,13,1,13,1,13,2,6,19,0,256
2022-04-03 20:00:00,13,1,13,1,13,2,6,20,0,284
2022-04-03 21:00:00,13,1,13,1,13,2,6,21,0,282
2022-04-03 22:00:00,13,1,13,1,13,2,6,22,0,286
2022-04-03 23:00:00,13,1,13,1,13,2,6,23,0,280
2022-04-04 00:00:00,14,1,14,1,14,3,0,0,0,235
2022-04-04 01:00:00,14,1,14,1,14,3,0,1,0,235
2022-04-04 02:00:00,14,1,14,1,14,3,0,2,0,205
2022-04-04 03:00:00,14,1,14,1,14,3,0,3,0,180
2022-04-04 04:00:00,14,1,14,1,14,3,0,4,0,91
2022-04-04 05:00:00,14,1,14,1,14,3,0,5,0,47
2022-04-04 06:00:00,14,1,14,1,14,3,0,6,0,26
2022-04-04 07:00:00,14,1,14,1,14,3,0,7,0,4
2022-04-04 08:00:00,14,1,14,1,14,3,0,8,0,10
2022-04-04 09:00:00,14,1,14,1,14,3,0,9,0,14
2022-04-04 10:00:00,14,1,14,1,14,3,0,10,0,24
2022-04-04 11:00:00,14,1,14,1,14,3,0,11,0,120
2022-04-04 12:00:00,14,1,14,1,14,3,0,12,0,169
2022-04-04 13:00:00,14,1,14,1,14,3,0,13,0,368
2022-04-04 14:00:00,14,1,14,1,14,3,0,14,0,331
2022-04-04 15:00:00,14,1,14,1,14,3,0,15,0,313
2022-04-04 16:00:00,14,1,14,1,14,3,0,16,0,313
2022-04-04 17:00:00,14,1,14,1,14,3,0,17,0,282
2022-04-04 18:00:00,14,1,14,1,14,3,0,18,0,306
2022-04-04 19:00:00,14,1,14,1,14,3,0,19,0,325
2022-04-04 20:00:00,14,1,14,1,14,3,0,20,0,373
2022-04-04 21:00:00,14,1,14,1,14,3,0,21,0,325
2022-04-04 22:00:00,14,1,14,1,14,3,0,22,0,270
2022-04-04 23:00:00,14,1,14,1,14,3,0,23,0,332
2022-04-05 00:00:00,15,1,15,1,15,3,1,0,0,322
2022-04-05 01:00:00,15,1,15,1,15,3,1,1,0,349
2022-04-05 02:00:00,15,1,15,1,15,3,1,2,0,313
2022-04-05 03:00:00,15,1,15,1,15,3,1,3,0,287
2022-04-05 04:00:00,15,1,15,1,15,3,1,4,0,136
2022-04-05 05:00:00,15,1,15,1,15,3,1,5,0,47
2022-04-05 06:00:00,15,1,15,1,15,3,1,6,0,16
2022-04-05 07:00:00,15,1,15,1,15,3,1,7,0,8
2022-04-05 08:00:00,15,1,15,1,15,3,1,8,0,8
2022-04-05 09:00:00,15,1,15,1,15,3,1,9,0,12
2022-04-05 10:00:00,15,1,15,1,15,3,1,10,0,46
2022-04-05 11:00:00,15,1,15,1,15,3,1,11,0,175
2022-04-05 12:00:00,15,1,15,1,15,3,1,12,0,242
2022-04-05 13:00:00,15,1,15,1,15,3,1,13,0,327
2022-04-05 14:00:00,15,1,15,1,15,3,1,14,0,375
2022-04-05 15:00:00,15,1,15,1,15,3,1,15,0,387
2022-04-05 16:00:00,15,1,15,1,15,3,1,16,0,377
2022-04-05 17:00:00,15,1,15,1,15,3,1,17,0,255
2022-04-05 18:00:00,15,1,15,1,15,3,1,18,0,245
2022-04-05 19:00:00,15,1,15,1,15,3,1,19,0,322
2022-04-05 20:00:00,15,1,15,1,15,3,1,20,0,119
2022-04-05 21:00:00,15,1,15,1,15,3,1,21,0,81
2022-04-05 22:00:00,15,1,15,1,15,3,1,22,0,378
2022-04-05 23:00:00,15,1,15,1,15,3,1,23,0,365
2022-04-06 00:00:00,16,1,16,1,16,3,2,0,0,370
2022-04-06 01:00:00,16,1,16,1,16,3,2,1,0,475
2022-04-06 02:00:00,16,1,16,1,16,3,2,2,0,400
2022-04-06 03:00:00,16,1,16,1,16,3,2,3,0,300
2022-04-06 04:00:00,16,1,16,1,16,3,2,4,0,124
2022-04-06 05:00:00,16,1,16,1,16,3,2,5,0,53
2022-04-06 06:00:00,16,1,16,1,16,3,2,6,0,18
2022-04-06 07:00:00,16,1,16,1,16,3,2,7,0,9
2022-04-06 08:00:00,16,1,16,1,16,3,2,8,0,8
2022-04-06 09:00:00,16,1,16,1,16,3,2,9,0,20
2022-04-06 10:00:00,16,1,16,1,16,3,2,10,0,54
2022-04-06 11:00:00,16,1,16,1,16,3,2,11,0,205
2022-04-06 12:00:00,16,1,16,1,16,3,2,12,0,206
2022-04-06 13:00:00,16,1,16,1,16,3,2,13,0,337
2022-04-06 14:00:00,16,1,16,1,16,3,2,14,0,442
2022-04-06 15:00:00,16,1,16,1,16,3,2,15,0,397
2022-04-06 16:00:00,16,1,16,1,16,3,2,16,0,359
2022-04-06 17:00:00,16,1,16,1,16,3,2,17,0,296
2022-04-06 18:00:00,16,1,16,1,16,3,2,18,0,314
2022-04-06 19:00:00,16,1,16,1,16,3,2,19,0,358
2022-04-06 20:00:00,16,1,16,1,16,3,2,20,0,304
2022-04-06 21:00:00,16,1,16,1,16,3,2,21,0,336
2022-04-06 22:00:00,16,1,16,1,16,3,2,22,0,338
2022-04-06 23:00:00,16,1,16,1,16,3,2,23,0,364
2022-04-07 00:00:00,17,1,17,1,17,3,3,0,0,359
2022-04-07 01:00:00,17,1,17,1,17,3,3,1,0,346
2022-04-07 02:00:00,17,1,17,1,17,3,3,2,0,372
2022-04-07 03:00:00,17,1,17,1,17,3,3,3,0,268
2022-04-07 04:00:00,17,1,17,1,17,3,3,4,0,181
2022-04-07 05:00:00,17,1,17,1,17,3,3,5,0,47
2022-04-07 06:00:00,17,1,17,1,17,3,3,6,0,20
2022-04-07 07:00:00,17,1,17,1,17,3,3,7,0,8
2022-04-07 08:00:00,17,1,17,1,17,3,3,8,0,4
2022-04-07 09:00:00,17,1,17,1,17,3,3,9,0,29
2022-04-07 10:00:00,17,1,17,1,17,3,3,10,0,63
2022-04-07 11:00:00,17,1,17,1,17,3,3,11,0,167
2022-04-07 12:00:00,17,1,17,1,17,3,3,12,0,231
2022-04-07 13:00:00,17,1,17,1,17,3,3,13,0,383
2022-04-07 14:00:00,17,1,17,1,17,3,3,14,0,419
2022-04-07 15:00:00,17,1,17,1,17,3,3,15,0,429
2022-04-07 16:00:00,17,1,17,1,17,3,3,16,0,367
2022-04-07 17:00:00,17,1,17,1,17,3,3,17,0,283
2022-04-07 18:00:00,17,1,17,1,17,3,3,18,0,296
2022-04-07 19:00:00,17,1,17,1,17,3,3,19,0,325
2022-04-07 20:00:00,17,1,17,1,17,3,3,20,0,313
2022-04-07 21:00:00,17,1,17,1,17,3,3,21,0,363
2022-04-07 22:00:00,17,1,17,1,17,3,3,22,0,383
2022-04-07 23:00:00,17,1,17,1,17,3,3,23,0,433
2022-04-08 00:00:00,18,1,18,1,18,3,4,0,0,303
2022-04-08 01:00:00,18,1,18,1,18,3,4,1,0,339
2022-04-08 02:00:00,18,1,18,1,18,3,4,2,0,322
2022-04-08 03:00:00,18,1,18,1,18,3,4,3,0,252
2022-04-08 04:00:00,18,1,18,1,18,3,4,4,0,148
2022-04-08 05:00:00,18,1,18,1,18,3,4,5,0,44
2022-04-08 06:00:00,18,1,18,1,18,3,4,6,0,30
2022-04-08 07:00:00,18,1,18,1,18,3,4,7,0,11
2022-04-08 08:00:00,18,1,18,1,18,3,4,8,0,10
2022-04-08 09:00:00,18,1,18,1,18,3,4,9,0,15
2022-04-08 10:00:00,18,1,18,1,18,3,4,10,0,38
2022-04-08 11:00:00,18,1,18,1,18,3,4,11,0,166
2022-04-08 12:00:00,18,1,18,1,18,3,4,12,0,201
2022-04-08 13:00:00,18,1,18,1,18,3,4,13,0,310
2022-04-08 14:00:00,18,1,18,1,18,3,4,14,0,320
2022-04-08 15:00:00,18,1,18,1,18,3,4,15,0,371
2022-04-08 16:00:00,18,1,18,1,18,3,4,16,0,417
2022-04-08 17:00:00,18,1,18,1,18,3,4,17,0,317
2022-04-08 18:00:00,18,1,18,1,18,3,4,18,0,376
2022-04-08 19:00:00,18,1,18,1,18,3,4,19,0,365
2022-04-08 20:00:00,18,1,18,1,18,3,4,20,0,341
2022-04-08 21:00:00,18,1,18,1,18,3,4,21,0,316
2022-04-08 22:00:00,18,1,18,1,18,3,4,22,0,332
2022-04-08 23:00:00,18,1,18,1,18,3,4,23,0,309
2022-04-09 00:00:00,19,1,19,1,19,3,5,0,0,343
2022-04-09 01:00:00,19,1,19,1,19,3,5,1,0,330
2022-04-09 02:00:00,19,1,19,1,19,3,5,2,0,318
2022-04-09 03:00:00,19,1,19,1,19,3,5,3,0,248
2022-04-09 04:00:00,19,1,19,1,19,3,5,4,0,146
2022-04-09 05:00:00,19,1,19,1,19,3,5,5,0,39
2022-04-09 06:00:00,19,1,19,1,19,3,5,6,0,21
2022-04-09 07:00:00,19,1,19,1,19,3,5,7,0,4
2022-04-09 08:00:00,19,1,19,1,19,3,5,8,0,6
2022-04-09 09:00:00,19,1,19,1,19,3,5,9,0,25
2022-04-09 10:00:00,19,1,19,1,19,3,5,10,0,35
2022-04-09 11:00:00,19,1,19,1,19,3,5,11,0,95
2022-04-09 12:00:00,19,1,19,1,19,3,5,12,0,136
2022-04-09 13:00:00,19,1,19,1,19,3,5,13,0,202
2022-04-09 14:00:00,19,1,19,1,19,3,5,14,0,241
2022-04-09 15:00:00,19,1,19,1,19,3,5,15,0,339
2022-04-09 16:00:00,19,1,19,1,19,3,5,16,0,312
2022-04-09 17:00:00,19,1,19,1,19,3,5,17,0,224
2022-04-09 18:00:00,19,1,19,1,19,3,5,18,0,214
2022-04-09 19:00:00,19,1,19,1,19,3,5,19,0,238
2022-04-09 20:00:00,19,1,19,1,19,3,5,20,0,210
2022-04-09 21:00:00,19,1,19,1,19,3,5,21,0,181
2022-04-09 22:00:00,19,1,19,1,19,3,5,22,0,139
2022-04-09 23:00:00,19,1,19,1,19,3,5,23,0,162
2022-04-10 00:00:00,20,1,20,1,20,3,6,0,0,143
2022-04-10 01:00:00,20,1,20,1,20,3,6,1,0,143
2022-04-10 02:00:00,20,1,20,1,20,3,6,2,0,146
2022-04-10 03:00:00,20,1,20,1,20,3,6,3,0,116
2022-04-10 04:00:00,20,1,20,1,20,3,6,4,0,59
2022-04-10 05:00:00,20,1,20,1,20,3,6,5,0,32
2022-04-10 06:00:00,20,1,20,1,20,3,6,6,0,16
2022-04-10 07:00:00,20,1,20,1,20,3,6,7,0,10
2022-04-10 08:00:00,20,1,20,1,20,3,6,8,0,2
2022-04-10 09:00:00,20,1,20,1,20,3,6,9,0,4
2022-04-10 10:00:00,20,1,20,1,20,3,6,10,0,10
2022-04-10 11:00:00,20,1,20,1,20,3,6,11,0,33
2022-04-10 12:00:00,20,1,20,1,20,3,6,12,0,61
2022-04-10 13:00:00,20,1,20,1,20,3,6,13,0,100
2022-04-10 14:00:00,20,1,20,1,20,3,6,14,0,136
2022-04-10 15:00:00,20,1,20,1,20,3,6,15,0,188
2022-04-10 16:00:00,20,1,20,1,20,3,6,16,0,187
2022-04-10 17:00:00,20,1,20,1,20,3,6,17,0,187
2022-04-10 18:00:00,20,1,20,1,20,3,6,18,0,182
2022-04-10 19:00:00,20,1,20,1,20,3,6,19,0,177
2022-04-10 20:00:00,20,1,20,1,20,3,6,20,0,195
2022-04-10 21:00:00,20,1,20,1,20,3,6,21,0,193
2022-04-10 22:00:00,20,1,20,1,20,3,6,22,0,140
2022-04-10 23:00:00,20,1,20,1,20,3,6,23,0,163
2022-04-11 00:00:00,21,1,21,1,21,4,0,0,0,156
2022-04-11 01:00:00,21,1,21,1,21,4,0,1,0,144
2022-04-11 02:00:00,21,1,21,1,21,4,0,2,0,122
2022-04-11 03:00:00,21,1,21,1,21,4,0,3,0,123
2022-04-11 04:00:00,21,1,21,1,21,4,0,4,0,80
2022-04-11 05:00:00,21,1,21,1,21,4,0,5,0,36
2022-04-11 06:00:00,21,1,21,1,21,4,0,6,0,9
2022-04-11 07:00:00,21,1,21,1,21,4,0,7,0,9
2022-04-11 08:00:00,21,1,21,1,21,4,0,8,0,2
2022-04-11 09:00:00,21,1,21,1,21,4,0,9,0,7
2022-04-11 10:00:00,21,1,21,1,21,4,0,10,0,7
2022-04-11 11:00:00,21,1,21,1,21,4,0,11,0,45
2022-04-11 12:00:00,21,1,21,1,21,4,0,12,0,118
2022-04-11 13:00:00,21,1,21,1,21,4,0,13,0,214
2022-04-11 14:00:00,21,1,21,1,21,4,0,14,0,281
2022-04-11 15:00:00,21,1,21,1,21,4,0,15,0,319
2022-04-11 16:00:00,21,1,21,1,21,4,0,16,0,351
2022-04-11 17:00:00,21,1,21,1,21,4,0,17,0,277
2022-04-11 18:00:00,21,1,21,1,21,4,0,18,0,272
2022-04-11 19:00:00,21,1,21,1,21,4,0,19,0,323
2022-04-11 20:00:00,21,1,21,1,21,4,0,20,0,253
2022-04-11 21:00:00,21,1,21,1,21,4,0,21,0,258
2022-04-11 22:00:00,21,1,21,1,21,4,0,22,0,232
2022-04-11 23:00:00,21,1,21,1,21,4,0,23,0,250
2022-04-12 00:00:00,22,1,22,1,22,4,1,0,0,253
2022-04-12 01:00:00,22,1,22,1,22,4,1,1,0,235
2022-04-12 02:00:00,22,1,22,1,22,4,1,2,0,190
2022-04-12 03:00:00,22,1,22,1,22,4,1,3,0,208
2022-04-12 04:00:00,22,1,22,1,22,4,1,4,0,91
2022-04-12 05:00:00,22,1,22,1,22,4,1,5,0,39
2022-04-12 06:00:00,22,1,22,1,22,4,1,6,0,11
2022-04-12 07:00:00,22,1,22,1,22,4,1,7,0,10
2022-04-12 08:00:00,22,1,22,1,22,4,1,8,0,4
2022-04-12 09:00:00,22,1,22,1,22,4,1,9,0,3
2022-04-12 10:00:00,22,1,22,1,22,4,1,10,0,19
2022-04-12 11:00:00,22,1,22,1,22,4,1,11,0,42
2022-04-12 12:00:00,22,1,22,1,22,4,1,12,0,116
2022-04-12 13:00:00,22,1,22,1,22,4,1,13,0,165
2022-04-12 14:00:00,22,1,22,1,22,4,1,14,0,266
2022-04-12 15:00:00,22,1,22,1,22,4,1,15,0,347
2022-04-12 16:00:00,22,1,22,1,22,4,1,16,0,329
2022-04-12 17:00:00,22,1,22,1,22,4,1,17,0,237
2022-04-12 18:00:00,22,1,22,1,22,4,1,18,0,225
2022-04-12 19:00:00,22,1,22,1,22,4,1,19,0,252
2022-04-12 20:00:00,22,1,22,1,22,4,1,20,0,219
2022-04-12 21:00:00,22,1,22,1,22,4,1,21,0,240
2022-04-12 22:00:00,22,1,22,1,22,4,1,22,0,220
2022-04-12 23:00:00,22,1,22,1,22,4,1,23,0,197
2022-04-13 00:00:00,23,1,23,1,23,4,2,0,0,183
2022-04-13 01:00:00,23,1,23,1,23,4,2,1,0,239
2022-04-13 02:00:00,23,1,23,1,23,4,2,2,0,247
2022-04-13 03:00:00,23,1,23,1,23,4,2,3,0,172
2022-04-13 04:00:00,23,1,23,1,23,4,2,4,0,87
2022-04-13 05:00:00,23,1,23,1,23,4,2,5,0,44
2022-04-13 06:00:00,23,1,23,1,23,4,2,6,0,17
2022-04-13 07:00:00,23,1,23,1,23,4,2,7,0,5
2022-04-13 08:00:00,23,1,23,1,23,4,2,8,0,2
2022-04-13 09:00:00,23,1,23,1,23,4,2,9,0,10
2022-04-13 10:00:00,23,1,23,1,23,4,2,10,0,10
2022-04-13 11:00:00,23,1,23,1,23,4,2,11,0,27
2022-04-13 12:00:00,23,1,23,1,23,4,2,12,0,70
2022-04-13 13:00:00,23,1,23,1,23,4,2,13,0,162
2022-04-13 14:00:00,23,1,23,1,23,4,2,14,0,231
2022-04-13 15:00:00,23,1,23,1,23,4,2,15,0,278
2022-04-13 16:00:00,23,1,23,1,23,4,2,16,0,246
2022-04-13 17:00:00,23,1,23,1,23,4,2,17,0,254
2022-04-13 18:00:00,23,1,23,1,23,4,2,18,0,199
2022-04-13 19:00:00,23,1,23,1,23,4,2,19,0,186
2022-04-13 20:00:00,23,1,23,1,23,4,2,20,0,203
2022-04-13 21:00:00,23,1,23,1,23,4,2,21,0,204
2022-04-13 22:00:00,23,1,23,1,23,4,2,22,0,180
2022-04-13 23:00:00,23,1,23,1,23,4,2,23,0,158
2022-04-14 00:00:00,24,1,24,1,24,4,3,0,0,159
2022-04-14 01:00:00,24,1,24,1,24,4,3,1,0,175
2022-04-14 02:00:00,24,1,24,1,24,4,3,2,0,169
2022-04-14 03:00:00,24,1,24,1,24,4,3,3,0,140
2022-04-14 04:00:00,24,1,24,1,24,4,3,4,0,94
2022-04-14 05:00:00,24,1,24,1,24,4,3,5,0,30
2022-04-14 06:00:00,24,1,24,1,24,4,3,6,0,22
2022-04-14 07:00:00,24,1,24,1,24,4,3,7,0,8
2022-04-14 08:00:00,24,1,24,1,24,4,3,8,0,3
2022-04-14 09:00:00,24,1,24,1,24,4,3,9,0,6
2022-04-14 10:00:00,24,1,24,1,24,4,3,10,0,7
2022-04-14 11:00:00,24,1,24,1,24,4,3,11,0,19
2022-04-14 12:00:00,24,1,24,1,24,4,3,12,0,46
2022-04-14 13:00:00,24,1,24,1,24,4,3,13,0,94
2022-04-14 14:00:00,24,1,24,1,24,4,3,14,0,141
2022-04-14 15:00:00,24,1,24,1,24,4,3,15,0,196
2022-04-14 16:00:00,24,1,24,1,24,4,3,16,0,201
2022-04-14 17:00:00,24,1,24,1,24,4,3,17,0,137
2022-04-14 18:00:00,24,1,24,1,24,4,3,18,0,123
2022-04-14 19:00:00,24,1,24,1,24,4,3,19,0,125
2022-04-14 20:00:00,24,1,24,1,24,4,3,20,0,141
2022-04-14 21:00:00,24,1,24,1,24,4,3,21,0,133
2022-04-14 22:00:00,24,1,24,1,24,4,3,22,0,132
2022-04-14 23:00:00,24,1,24,1,24,4,3,23,0,113
2022-04-15 00:00:00,25,1,25,1,25,4,4,0,0,128
2022-04-15 01:00:00,25,1,25,1,25,4,4,1,0,152
2022-04-15 02:00:00,25,1,25,1,25,4,4,2,0,122
2022-04-15 03:00:00,25,1,25,1,25,4,4,3,0,108
2022-04-15 04:00:00,25,1,25,1,25,4,4,4,0,58
2022-04-15 05:00:00,25,1,25,1,25,4,4,5,0,23
2022-04-15 06:00:00,25,1,25,1,25,4,4,6,0,13
2022-04-15 07:00:00,25,1,25,1,25,4,4,7,0,6
2022-04-15 08:00:00,25,1,25,1,25,4,4,8,0,8
2022-04-15 09:00:00,25,1,25,1,25,4,4,9,0,2
2022-04-15 10:00:00,25,1,25,1,25,4,4,10,0,6
2022-04-15 11:00:00,25,1,25,1,25,4,4,11,0,18
2022-04-15 12:00:00,25,1,25,1,25,4,4,12,0,42
2022-04-15 13:00:00,25,1,25,1,25,4,4,13,0,95
2022-04-15 14:00:00,25,1,25,1,25,4,4,14,0,149
2022-04-15 15:00:00,25,1,25,1,25,4,4,15,0,237
2022-04-15 16:00:00,25,1,25,1,25,4,4,16,0,196
2022-04-15 17:00:00,25,1,25,1,25,4,4,17,0,163
2022-04-15 18:00:00,25,1,25,1,25,4,4,18,0,136
2022-04-15 19:00:00,25,1,25,1,25,4,4,19,0,147
2022-04-15 20:00:00,25,1,25,1,25,4,4,20,0,138
2022-04-15 21:00:00,25,1,25,1,25,4,4,21,0,143
2022-04-15 22:00:00,25,1,25,1,25,4,4,22,0,107
2022-04-15 23:00:00,25,1,25,1,25,4,4,23,0,122
2022-04-16 00:00:00,26,1,26,1,26,4,5,0,0,125
2022-04-16 01:00:00,26,1,26,1,26,4,5,1,0,87
2022-04-16 02:00:00,26,1,26,1,26,4,5,2,0,96
2022-04-16 03:00:00,26,1,26,1,26,4,5,3,0,95
2022-04-16 04:00:00,26,1,26,1,26,4,5,4,0,56
2022-04-16 05:00:00,26,1,26,1,26,4,5,5,0,42
2022-04-16 06:00:00,26,1,26,1,26,4,5,6,0,14
2022-04-16 07:00:00,26,1,26,1,26,4,5,7,0,5
2022-04-16 08:00:00,26,1,26,1,26,4,5,8,0,5
2022-04-16 09:00:00,26,1,26,1,26,4,5,9,0,2
2022-04-16 10:00:00,26,1,26,1,26,4,5,10,0,6
2022-04-16 11:00:00,26,1,26,1,26,4,5,11,0,26
2022-04-16 12:00:00,26,1,26,1,26,4,5,12,0,60
2022-04-16 13:00:00,26,1,26,1,26,4,5,13,0,109
2022-04-16 14:00:00,26,1,26,1,26,4,5,14,0,156
2022-04-16 15:00:00,26,1,26,1,26,4,5,15,0,205
2022-04-16 16:00:00,26,1,26,1,26,4,5,16,0,216
2022-04-16 17:00:00,26,1,26,1,26,4,5,17,0,176
2022-04-16 18:00:00,26,1,26,1,26,4,5,18,0,152
2022-04-16 19:00:00,26,1,26,1,26,4,5,19,0,174
2022-04-16 20:00:00,26,1,26,1,26,4,5,20,0,170
2022-04-16 21:00:00,26,1,26,1,26,4,5,21,0,158
2022-04-16 22:00:00,26,1,26,1,26,4,5,22,0,127
2022-04-16 23:00:00,26,1,26,1,26,4,5,23,0,109
2022-04-17 00:00:00,27,1,27,1,27,4,6,0,0,127
2022-04-17 01:00:00,27,1,27,1,27,4,6,1,0,111
2022-04-17 02:00:00,27,1,27,1,27,4,6,2,0,107
2022-04-17 03:00:00,27,1,27,1,27,4,6,3,0,81
2022-04-17 04:00:00,27,1,27,1,27,4,6,4,0,50
2022-04-17 05:00:00,27,1,27,1,27,4,6,5,0,34
2022-04-17 06:00:00,27,1,27,1,27,4,6,6,0,19
2022-04-17 07:00:00,27,1,27,1,27,4,6,7,0,10
2022-04-17 08:00:00,27,1,27,1,27,4,6,8,0,4
2022-04-17 09:00:00,27,1,27,1,27,4,6,9,0,4
2022-04-17 10:00:00,27,1,27,1,27,4,6,10,0,4
2022-04-17 11:00:00,27,1,27,1,27,4,6,11,0,19
2022-04-17 12:00:00,27,1,27,1,27,4,6,12,0,39
2022-04-17 13:00:00,27,1,27,1,27,4,6,13,0,95
2022-04-17 14:00:00,27,1,27,1,27,4,6,14,0,145
2022-04-17 15:00:00,27,1,27,1,27,4,6,15,0,221
2022-04-17 16:00:00,27,1,27,1,27,4,6,16,0,250
2022-04-17 17:00:00,27,1,27,1,27,4,6,17,0,255
2022-04-17 18:00:00,27,1,27,1,27,4,6,18,0,230
2022-04-17 19:00:00,27,1,27,1,27,4,6,19,0,259
2022-04-17 20:00:00,27,1,27,1,27,4,6,20,0,238
2022-04-17 21:00:00,27,1,27,1,27,4,6,21,0,233
2022-04-17 22:00:00,27,1,27,1,27,4,6,22,0,255
2022-04-17 23:00:00,27,1,27,1,27,4,6,23,0,242
2022-04-18 00:00:00,28,1,28,1,28,5,0,0,0,271
2022-04-18 01:00:00,28,1,28,1,28,5,0,1,0,302
2022-04-18 02:00:00,28,1,28,1,28,5,0,2,0,287
2022-04-18 03:00:00,28,1,28,1,28,5,0,3,0,265
2022-04-18 04:00:00,28,1,28,1,28,5,0,4,0,150
2022-04-18 05:00:00,28,1,28,1,28,5,0,5,0,51
2022-04-18 06:00:00,28,1,28,1,28,5,0,6,0,32
2022-04-18 07:00:00,28,1,28,1,28,5,0,7,0,11
2022-04-18 08:00:00,28,1,28,1,28,5,0,8,0,6
2022-04-18 09:00:00,28,1,28,1,28,5,0,9,0,24
2022-04-18 10:00:00,28,1,28,1,28,5,0,10,0,45
2022-04-18 11:00:00,28,1,28,1,28,5,0,11,0,167
2022-04-18 12:00:00,28,1,28,1,28,5,0,12,0,292
2022-04-18 13:00:00,28,1,28,1,28,5,0,13,0,477
2022-04-18 14:00:00,28,1,28,1,28,5,0,14,0,503
2022-04-18 15:00:00,28,1,28,1,28,5,0,15,0,368
2022-04-18 16:00:00,28,1,28,1,28,5,0,16,0,375
2022-04-18 17:00:00,28,1,28,1,28,5,0,17,0,401
2022-04-18 18:00:00,28,1,28,1,28,5,0,18,0,447
2022-04-18 19:00:00,28,1,28,1,28,5,0,19,0,443
2022-04-18 20:00:00,28,1,28,1,28,5,0,20,0,334
2022-04-18 21:00:00,28,1,28,1,28,5,0,21,0,524
2022-04-18 22:00:00,28,1,28,1,28,5,0,22,0,502
2022-04-18 23:00:00,28,1,28,1,28,5,0,23,0,549
2022-04-19 00:00:00,29,1,29,1,29,5,1,0,0,477
2022-04-19 01:00:00,29,1,29,1,29,5,1,1,0,494
2022-04-19 02:00:00,29,1,29,1,29,5,1,2,0,476
2022-04-19 03:00:00,29,1,29,1,29,5,1,3,0,462
2022-04-19 04:00:00,29,1,29,1,29,5,1,4,0,262
2022-04-19 05:00:00,29,1,29,1,29,5,1,5,0,105
2022-04-19 06:00:00,29,1,29,1,29,5,1,6,0,32
2022-04-19 07:00:00,29,1,29,1,29,5,1,7,0,11
2022-04-19 08:00:00,29,1,29,1,29,5,1,8,0,11
2022-04-19 09:00:00,29,1,29,1,29,5,1,9,0,16
2022-04-19 10:00:00,29,1,29,1,29,5,1,10,0,74
2022-04-19 11:00:00,29,1,29,1,29,5,1,11,0,216
2022-04-19 12:00:00,29,1,29,1,29,5,1,12,0,282
2022-04-19 13:00:00,29,1,29,1,29,5,1,13,0,393
2022-04-19 14:00:00,29,1,29,1,29,5,1,14,0,519
2022-04-19 15:00:00,29,1,29,1,29,5,1,15,0,515
2022-04-19 16:00:00,29,1,29,1,29,5,1,16,0,466
2022-04-19 17:00:00,29,1,29,1,29,5,1,17,0,325
2022-04-19 18:00:00,29,1,29,1,29,5,1,18,0,336
2022-04-19 19:00:00,29,1,29,1,29,5,1,19,0,414
2022-04-19 20:00:00,29,1,29,1,29,5,1,20,0,444
2022-04-19 21:00:00,29,1,29,1,29,5,1,21,0,525
2022-04-19 22:00:00,29,1,29,1,29,5,1,22,0,446
2022-04-19 23:00:00,29,1,29,1,29,5,1,23,0,511
2022-04-20 00:00:00,30,1,30,2,0,5,2,0,0,486
2022-04-20 01:00:00,30,1,30,2,0,5,2,1,0,527
2022-04-20 02:00:00,30,1,30,2,0,5,2,2,0,445
2022-04-20 03:00:00,30,1,30,2,0,5,2,3,0,385
2022-04-20 04:00:00,30,1,30,2,0,5,2,4,0,203
2022-04-20 05:00:00,30,1,30,2,0,5,2,5,0,74
2022-04-20 06:00:00,30,1,30,2,0,5,2,6,0,19
2022-04-20 07:00:00,30,1,30,2,0,5,2,7,0,9
2022-04-20 08:00:00,30,1,30,2,0,5,2,8,0,8
2022-04-20 09:00:00,30,1,30,2,0,5,2,9,0,20
2022-04-20 10:00:00,30,1,30,2,0,5,2,10,0,77
2022-04-20 11:00:00,30,1,30,2,0,5,2,11,0,176
2022-04-20 12:00:00,30,1,30,2,0,5,2,12,0,268
2022-04-20 13:00:00,30,1,30,2,0,5,2,13,0,373
2022-04-20 14:00:00,30,1,30,2,0,5,2,14,0,526
2022-04-20 15:00:00,30,1,30,2,0,5,2,15,0,513
2022-04-20 16:00:00,30,1,30,2,0,5,2,16,0,460
2022-04-20 17:00:00,30,1,30,2,0,5,2,17,0,398
2022-04-20 18:00:00,30,1,30,2,0,5,2,18,0,393
2022-04-20 19:00:00,30,1,30,2,0,5,2,19,0,420
2022-04-20 20:00:00,30,1,30,2,0,5,2,20,0,457
2022-04-20 21:00:00,30,1,30,2,0,5,2,21,0,406
2022-04-20 22:00:00,30,1,30,2,0,5,2,22,0,423
2022-04-20 23:00:00,30,1,30,2,0,5,2,23,0,472
2022-04-21 00:00:00,31,1,31,2,1,5,3,0,0,484
2022-04-21 01:00:00,31,1,31,2,1,5,3,1,0,495
2022-04-21 02:00:00,31,1,31,2,1,5,3,2,0,448
2022-04-21 03:00:00,31,1,31,2,1,5,3,3,0,404
2022-04-21 04:00:00,31,1,31,2,1,5,3,4,0,183
2022-04-21 05:00:00,31,1,31,2,1,5,3,5,0,93
2022-04-21 06:00:00,31,1,31,2,1,5,3,6,0,23
2022-04-21 07:00:00,31,1,31,2,1,5,3,7,0,7
2022-04-21 08:00:00,31,1,31,2,1,5,3,8,0,4
2022-04-21 09:00:00,31,1,31,2,1,5,3,9,0,21
2022-04-21 10:00:00,31,1,31,2,1,5,3,10,0,80
2022-04-21 11:00:00,31,1,31,2,1,5,3,11,0,157
2022-04-21 12:00:00,31,1,31,2,1,5,3,12,0,236
2022-04-21 13:00:00,31,1,31,2,1,5,3,13,0,391
2022-04-21 14:00:00,31,1,31,2,1,5,3,14,0,492
2022-04-21 15:00:00,31,1,31,2,1,5,3,15,0,474
2022-04-21 16:00:00,31,1,31,2,1,5,3,16,0,420
2022-04-21 17:00:00,31,1,31,2,1,5,3,17,0,330
2022-04-21 18:00:00,31,1,31,2,1,5,3,18,0,416
2022-04-21 19:00:00,31,1,31,2,1,5,3,19,0,435
2022-04-21 20:00:00,31,1,31,2,1,5,3,20,0,455
2022-04-21 21:00:00,31,1,31,2,1,5,3,21,0,497
2022-04-21 22:00:00,31,1,31,2,1,5,3,22,0,488
2022-04-21 23:00:00,31,1,31,2,1,5,3,23,0,527
2022-04-22 00:00:00,32,1,32,2,2,5,4,0,0,426
2022-04-22 01:00:00,32,1,32,2,2,5,4,1,0,460
2022-04-22 02:00:00,32,1,32,2,2,5,4,2,0,432
2022-04-22 03:00:00,32,1,32,2,2,5,4,3,0,353
2022-04-22 04:00:00,32,1,32,2,2,5,4,4,0,169
2022-04-22 05:00:00,32,1,32,2,2,5,4,5,0,62
2022-04-22 06:00:00,32,1,32,2,2,5,4,6,0,34
2022-04-22 07:00:00,32,1,32,2,2,5,4,7,0,9
2022-04-22 08:00:00,32,1,32,2,2,5,4,8,0,5
2022-04-22 09:00:00,32,1,32,2,2,5,4,9,0,24
2022-04-22 10:00:00,32,1,32,2,2,5,4,10,0,57
2022-04-22 11:00:00,32,1,32,2,2,5,4,11,0,223
2022-04-22 12:00:00,32,1,32,2,2,5,4,12,0,300
2022-04-22 13:00:00,32,1,32,2,2,5,4,13,0,408
2022-04-22 14:00:00,32,1,32,2,2,5,4,14,0,533
2022-04-22 15:00:00,32,1,32,2,2,5,4,15,0,493
2022-04-22 16:00:00,32,1,32,2,2,5,4,16,0,483
2022-04-22 17:00:00,32,1,32,2,2,5,4,17,0,318
2022-04-22 18:00:00,32,1,32,2,2,5,4,18,0,383
2022-04-22 19:00:00,32,1,32,2,2,5,4,19,0,440
2022-04-22 20:00:00,32,1,32,2,2,5,4,20,0,425
2022-04-22 21:00:00,32,1,32,2,2,5,4,21,0,417
2022-04-22 22:00:00,32,1,32,2,2,5,4,22,0,357
2022-04-22 23:00:00,32,1,32,2,2,5,4,23,0,374
2022-04-23 00:00:00,33,1,33,2,3,5,5,0,0,435
2022-04-23 01:00:00,33,1,33,2,3,5,5,1,0,395
2022-04-23 02:00:00,33,1,33,2,3,5,5,2,0,411
2022-04-23 03:00:00,33,1,33,2,3,5,5,3,0,350
2022-04-23 04:00:00,33,1,33,2,3,5,5,4,0,229
2022-04-23 05:00:00,33,1,33,2,3,5,5,5,0,74
2022-04-23 06:00:00,33,1,33,2,3,5,5,6,0,22
2022-04-23 07:00:00,33,1,33,2,3,5,5,7,0,7
2022-04-23 08:00:00,33,1,33,2,3,5,5,8,0,7
2022-04-23 09:00:00,33,1,33,2,3,5,5,9,0,18
2022-04-23 10:00:00,33,1,33,2,3,5,5,10,0,31
2022-04-23 11:00:00,33,1,33,2,3,5,5,11,0,146
2022-04-23 12:00:00,33,1,33,2,3,5,5,12,0,314
2022-04-23 13:00:00,33,1,33,2,3,5,5,13,0,350
2022-04-23 14:00:00,33,1,33,2,3,5,5,14,0,506
2022-04-23 15:00:00,33,1,33,2,3,5,5,15,0,528
2022-04-23 16:00:00,33,1,33,2,3,5,5,16,0,463
2022-04-23 17:00:00,33,1,33,2,3,5,5,17,0,329
2022-04-23 18:00:00,33,1,33,2,3,5,5,18,0,378
2022-04-23 19:00:00,33,1,33,2,3,5,5,19,0,411
2022-04-23 20:00:00,33,1,33,2,3,5,5,20,0,365
2022-04-23 21:00:00,33,1,33,2,3,5,5,21,0,372
2022-04-23 22:00:00,33,1,33,2,3,5,5,22,0,323
2022-04-23 23:00:00,33,1,33,2,3,5,5,23,0,287
2022-04-24 00:00:00,34,1,34,2,4,5,6,0,0,269
2022-04-24 01:00:00,34,1,34,2,4,5,6,1,0,259
2022-04-24 02:00:00,34,1,34,2,4,5,6,2,0,267
2022-04-24 03:00:00,34,1,34,2,4,5,6,3,0,230
2022-04-24 04:00:00,34,1,34,2,4,5,6,4,0,141
2022-04-24 05:00:00,34,1,34,2,4,5,6,5,0,62
2022-04-24 06:00:00,34,1,34,2,4,5,6,6,0,27
2022-04-24 07:00:00,34,1,34,2,4,5,6,7,0,13
2022-04-24 08:00:00,34,1,34,2,4,5,6,8,0,15
2022-04-24 09:00:00,34,1,34,2,4,5,6,9,0,5
2022-04-24 10:00:00,34,1,34,2,4,5,6,10,0,19
2022-04-24 11:00:00,34,1,34,2,4,5,6,11,0,33
2022-04-24 12:00:00,34,1,34,2,4,5,6,12,0,101
2022-04-24 13:00:00,34,1,34,2,4,5,6,13,0,216
2022-04-24 14:00:00,34,1,34,2,4,5,6,14,0,307
2022-04-24 15:00:00,34,1,34,2,4,5,6,15,0,410
2022-04-24 16:00:00,34,1,34,2,4,5,6,16,0,404
2022-04-24 17:00:00,34,1,34,2,4,5,6,17,0,393
2022-04-24 18:00:00,34,1,34,2,4,5,6,18,0,394
2022-04-24 19:00:00,34,1,34,2,4,5,6,19,0,410
2022-04-24 20:00:00,34,1,34,2,4,5,6,20,0,418
2022-04-24 21:00:00,34,1,34,2,4,5,6,21,0,445
2022-04-24 22:00:00,34,1,34,2,4,5,6,22,0,464
2022-04-24 23:00:00,34,1,34,2,4,5,6,23,0,445
2022-04-25 00:00:00,35,1,35,2,5,6,0,0,0,405
2022-04-25 01:00:00,35,1,35,2,5,6,0,1,0,427
2022-04-25 02:00:00,35,1,35,2,5,6,0,2,0,341
2022-04-25 03:00:00,35,1,35,2,5,6,0,3,0,359
2022-04-25 04:00:00,35,1,35,2,5,6,0,4,0,229
2022-04-25 05:00:00,35,1,35,2,5,6,0,5,0,82
2022-04-25 06:00:00,35,1,35,2,5,6,0,6,0,34
2022-04-25 07:00:00,35,1,35,2,5,6,0,7,0,14
2022-04-25 08:00:00,35,1,35,2,5,6,0,8,0,7
2022-04-25 09:00:00,35,1,35,2,5,6,0,9,0,20
2022-04-25 10:00:00,35,1,35,2,5,6,0,10,0,90
2022-04-25 11:00:00,35,1,35,2,5,6,0,11,0,230
2022-04-25 12:00:00,35,1,35,2,5,6,0,12,0,334
2022-04-25 13:00:00,35,1,35,2,5,6,0,13,0,500
2022-04-25 14:00:00,35,1,35,2,5,6,0,14,0,574
2022-04-25 15:00:00,35,1,35,2,5,6,0,15,0,581
2022-04-25 16:00:00,35,1,35,2,5,6,0,16,0,524
2022-04-25 17:00:00,35,1,35,2,5,6,0,17,0,463
2022-04-25 18:00:00,35,1,35,2,5,6,0,18,0,552
2022-04-25 19:00:00,35,1,35,2,5,6,0,19,0,578
2022-04-25 20:00:00,35,1,35,2,5,6,0,20,0,560
2022-04-25 21:00:00,35,1,35,2,5,6,0,21,0,551
2022-04-25 22:00:00,35,1,35,2,5,6,0,22,0,618
2022-04-25 23:00:00,35,1,35,2,5,6,0,23,0,739
2022-04-26 00:00:00,36,1,36,2,6,6,1,0,0,671
2022-04-26 01:00:00,36,1,36,2,6,6,1,1,0,595
2022-04-26 02:00:00,36,1,36,2,6,6,1,2,0,633
2022-04-26 03:00:00,36,1,36,2,6,6,1,3,0,553
2022-04-26 04:00:00,36,1,36,2,6,6,1,4,0,280
2022-04-26 05:00:00,36,1,36,2,6,6,1,5,0,77
2022-04-26 06:00:00,36,1,36,2,6,6,1,6,0,33
2022-04-26 07:00:00,36,1,36,2,6,6,1,7,0,9
2022-04-26 08:00:00,36,1,36,2,6,6,1,8,0,9
2022-04-26 09:00:00,36,1,36,2,6,6,1,9,0,25
2022-04-26 10:00:00,36,1,36,2,6,6,1,10,0,87
2022-04-26 11:00:00,36,1,36,2,6,6,1,11,0,257
2022-04-26 12:00:00,36,1,36,2,6,6,1,12,0,321
2022-04-26 13:00:00,36,1,36,2,6,6,1,13,0,471
2022-04-26 14:00:00,36,1,36,2,6,6,1,14,0,557
2022-04-26 15:00:00,36,1,36,2,6,6,1,15,0,632
2022-04-26 16:00:00,36,1,36,2,6,6,1,16,0,461
2022-04-26 17:00:00,36,1,36,2,6,6,1,17,0,383
2022-04-26 18:00:00,36,1,36,2,6,6,1,18,0,398
2022-04-26 19:00:00,36,1,36,2,6,6,1,19,0,530
2022-04-26 20:00:00,36,1,36,2,6,6,1,20,0,474
2022-04-26 21:00:00,36,1,36,2,6,6,1,21,0,545
2022-04-26 22:00:00,36,1,36,2,6,6,1,22,0,631
2022-04-26 23:00:00,36,1,36,2,6,6,1,23,0,579
2022-04-27 00:00:00,37,1,37,2,7,6,2,0,0,564
2022-04-27 01:00:00,37,1,37,2,7,6,2,1,0,591
2022-04-27 02:00:00,37,1,37,2,7,6,2,2,0,579
2022-04-27 03:00:00,37,1,37,2,7,6,2,3,0,467
2022-04-27 04:00:00,37,1,37,2,7,6,2,4,0,255
2022-04-27 05:00:00,37,1,37,2,7,6,2,5,0,90
2022-04-27 06:00:00,37,1,37,2,7,6,2,6,0,39
2022-04-27 07:00:00,37,1,37,2,7,6,2,7,0,15
2022-04-27 08:00:00,37,1,37,2,7,6,2,8,0,12
2022-04-27 09:00:00,37,1,37,2,7,6,2,9,0,28
2022-04-27 10:00:00,37,1,37,2,7,6,2,10,0,65
2022-04-27 11:00:00,37,1,37,2,7,6,2,11,0,191
2022-04-27 12:00:00,37,1,37,2,7,6,2,12,0,280
2022-04-27 13:00:00,37,1,37,2,7,6,2,13,0,428
2022-04-27 14:00:00,37,1,37,2,7,6,2,14,0,596
2022-04-27 15:00:00,37,1,37,2,7,6,2,15,0,578
2022-04-27 16:00:00,37,1,37,2,7,6,2,16,0,589
2022-04-27 17:00:00,37,1,37,2,7,6,2,17,0,408
2022-04-27 18:00:00,37,1,37,2,7,6,2,18,0,422
2022-04-27 19:00:00,37,1,37,2,7,6,2,19,0,431
2022-04-27 20:00:00,37,1,37,2,7,6,2,20,0,444
2022-04-27 21:00:00,37,1,37,2,7,6,2,21,0,420
2022-04-27 22:00:00,37,1,37,2,7,6,2,22,0,462
2022-04-27 23:00:00,37,1,37,2,7,6,2,23,0,480
2022-04-28 00:00:00,38,1,38,2,8,6,3,0,0,575
2022-04-28 01:00:00,38,1,38,2,8,6,3,1,0,549
2022-04-28 02:00:00,38,1,38,2,8,6,3,2,0,575
2022-04-28 03:00:00,38,1,38,2,8,6,3,3,0,498
2022-04-28 04:00:00,38,1,38,2,8,6,3,4,0,249
2022-04-28 05:00:00,38,1,38,2,8,6,3,5,0,104
2022-04-28 06:00:00,38,1,38,2,8,6,3,6,0,42
2022-04-28 07:00:00,38,1,38,2,8,6,3,7,0,13
2022-04-28 08:00:00,38,1,38,2,8,6,3,8,0,17
2022-04-28 09:00:00,38,1,38,2,8,6,3,9,0,26
2022-04-28 10:00:00,38,1,38,2,8,6,3,10,0,64
2022-04-28 11:00:00,38,1,38,2,8,6,3,11,0,228
2022-04-28 12:00:00,38,1,38,2,8,6,3,12,0,306
2022-04-28 13:00:00,38,1,38,2,8,6,3,13,0,578
2022-04-28 14:00:00,38,1,38,2,8,6,3,14,0,619
2022-04-28 15:00:00,38,1,38,2,8,6,3,15,0,548
2022-04-28 16:00:00,38,1,38,2,8,6,3,16,0,460
2022-04-28 17:00:00,38,1,38,2,8,6,3,17,0,426
2022-04-28 18:00:00,38,1,38,2,8,6,3,18,0,428
2022-04-28 19:00:00,38,1,38,2,8,6,3,19,0,473
2022-04-28 20:00:00,38,1,38,2,8,6,3,20,0,491
2022-04-28 21:00:00,38,1,38,2,8,6,3,21,0,539
2022-04-28 22:00:00,38,1,38,2,8,6,3,22,0,619
2022-04-28 23:00:00,38,1,38,2,8,6,3,23,0,541
2022-04-29 00:00:00,39,1,39,2,9,6,4,0,0,544
2022-04-29 01:00:00,39,1,39,2,9,6,4,1,0,597
2022-04-29 02:00:00,39,1,39,2,9,6,4,2,0,548
2022-04-29 03:00:00,39,1,39,2,9,6,4,3,0,434
2022-04-29 04:00:00,39,1,39,2,9,6,4,4,0,273
2022-04-29 05:00:00,39,1,39,2,9,6,4,5,0,88
2022-04-29 06:00:00,39,1,39,2,9,6,4,6,0,22
2022-04-29 07:00:00,39,1,39,2,9,6,4,7,0,20
2022-04-29 08:00:00,39,1,39,2,9,6,4,8,0,9
2022-04-29 09:00:00,39,1,39,2,9,6,4,9,0,28
2022-04-29 10:00:00,39,1,39,2,9,6,4,10,0,151
2022-04-29 11:00:00,39,1,39,2,9,6,4,11,0,216
2022-04-29 12:00:00,39,1,39,2,9,6,4,12,0,290
2022-04-29 13:00:00,39,1,39,2,9,6,4,13,0,437
2022-04-29 14:00:00,39,1,39,2,9,6,4,14,0,517
2022-04-29 15:00:00,39,1,39,2,9,6,4,15,0,560
2022-04-29 16:00:00,39,1,39,2,9,6,4,16,0,584
2022-04-29 17:00:00,39,1,39,2,9,6,4,17,0,441
2022-04-29 18:00:00,39,1,39,2,9,6,4,18,0,443
2022-04-29 19:00:00,39,1,39,2,9,6,4,19,0,571
2022-04-29 20:00:00,39,1,39,2,9,6,4,20,0,504
2022-04-29 21:00:00,39,1,39,2,9,6,4,21,0,522
2022-04-29 22:00:00,39,1,39,2,9,6,4,22,0,505
2022-04-29 23:00:00,39,1,39,2,9,6,4,23,0,587
2022-04-30 00:00:00,40,1,40,2,10,6,5,0,0,610
2022-04-30 01:00:00,40,1,40,2,10,6,5,1,0,507
2022-04-30 02:00:00,40,1,40,2,10,6,5,2,0,557
2022-04-30 03:00:00,40,1,40,2,10,6,5,3,0,460
2022-04-30 04:00:00,40,1,40,2,10,6,5,4,0,236
2022-04-30 05:00:00,40,1,40,2,10,6,5,5,0,85
2022-04-30 06:00:00,40,1,40,2,10,6,5,6,0,38
2022-04-30 07:00:00,40,1,40,2,10,6,5,7,0,15
2022-04-30 08:00:00,40,1,40,2,10,6,5,8,0,14
2022-04-30 09:00:00,40,1,40,2,10,6,5,9,0,29
2022-04-30 10:00:00,40,1,40,2,10,6,5,10,0,45
2022-04-30 11:00:00,40,1,40,2,10,6,5,11,0,161
2022-04-30 12:00:00,40,1,40,2,10,6,5,12,0,361
2022-04-30 13:00:00,40,1,40,2,10,6,5,13,0,446
2022-04-30 14:00:00,40,1,40,2,10,6,5,14,0,466
2022-04-30 15:00:00,40,1,40,2,10,6,5,15,0,534
2022-04-30 16:00:00,40,1,40,2,10,6,5,16,0,441
2022-04-30 17:00:00,40,1,40,2,10,6,5,17,0,416
2022-04-30 18:00:00,40,1,40,2,10,6,5,18,0,467
2022-04-30 19:00:00,40,1,40,2,10,6,5,19,0,475
2022-04-30 20:00:00,40,1,40,2,10,6,5,20,0,493
2022-04-30 21:00:00,40,1,40,2,10,6,5,21,0,409
2022-04-30 22:00:00,40,1,40,2,10,6,5,22,0,346
2022-04-30 23:00:00,40,1,40,2,10,6,5,23,0,363
2022-05-01 00:00:00,41,1,41,2,11,6,6,0,0,364
2022-05-01 01:00:00,41,1,41,2,11,6,6,1,0,356
2022-05-01 02:00:00,41,1,41,2,11,6,6,2,0,318
2022-05-01 03:00:00,41,1,41,2,11,6,6,3,0,337
2022-05-01 04:00:00,41,1,41,2,11,6,6,4,0,197
2022-05-01 05:00:00,41,1,41,2,11,6,6,5,0,63
2022-05-01 06:00:00,41,1,41,2,11,6,6,6,0,38
2022-05-01 07:00:00,41,1,41,2,11,6,6,7,0,17
2022-05-01 08:00:00,41,1,41,2,11,6,6,8,0,9
2022-05-01 09:00:00,41,1,41,2,11,6,6,9,0,9
2022-05-01 10:00:00,41,1,41,2,11,6,6,10,0,12
2022-05-01 11:00:00,41,1,41,2,11,6,6,11,0,36
2022-05-01 12:00:00,41,1,41,2,11,6,6,12,0,86
2022-05-01 13:00:00,41,1,41,2,11,6,6,13,0,189
2022-05-01 14:00:00,41,1,41,2,11,6,6,14,0,296
2022-05-01 15:00:00,41,1,41,2,11,6,6,15,0,433
2022-05-01 16:00:00,41,1,41,2,11,6,6,16,0,445
2022-05-01 17:00:00,41,1,41,2,11,6,6,17,0,441
2022-05-01 18:00:00,41,1,41,2,11,6,6,18,0,397
2022-05-01 19:00:00,41,1,41,2,11,6,6,19,0,431
2022-05-01 20:00:00,41,1,41,2,11,6,6,20,0,365
2022-05-01 21:00:00,41,1,41,2,11,6,6,21,0,361
2022-05-01 22:00:00,41,1,41,2,11,6,6,22,0,382
2022-05-01 23:00:00,41,1,41,2,11,6,6,23,0,381
2022-05-02 00:00:00,42,1,42,2,12,7,0,0,0,444
2022-05-02 01:00:00,42,1,42,2,12,7,0,1,0,401
2022-05-02 02:00:00,42,1,42,2,12,7,0,2,0,410
2022-05-02 03:00:00,42,1,42,2,12,7,0,3,0,381
2022-05-02 04:00:00,42,1,42,2,12,7,0,4,0,230
2022-05-02 05:00:00,42,1,42,2,12,7,0,5,0,104
2022-05-02 06:00:00,42,1,42,2,12,7,0,6,0,34
2022-05-02 07:00:00,42,1,42,2,12,7,0,7,0,20
2022-05-02 08:00:00,42,1,42,2,12,7,0,8,0,19
2022-05-02 09:00:00,42,1,42,2,12,7,0,9,0,28
2022-05-02 10:00:00,42,1,42,2,12,7,0,10,0,90
2022-05-02 11:00:00,42,1,42,2,12,7,0,11,0,240
2022-05-02 12:00:00,42,1,42,2,12,7,0,12,0,415
2022-05-02 13:00:00,42,1,42,2,12,7,0,13,0,592
2022-05-02 14:00:00,42,1,42,2,12,7,0,14,0,603
2022-05-02 15:00:00,42,1,42,2,12,7,0,15,0,592
2022-05-02 16:00:00,42,1,42,2,12,7,0,16,0,545
2022-05-02 17:00:00,42,1,42,2,12,7,0,17,0,449
2022-05-02 18:00:00,42,1,42,2,12,7,0,18,0,515
2022-05-02 19:00:00,42,1,42,2,12,7,0,19,0,590
2022-05-02 20:00:00,42,1,42,2,12,7,0,20,0,622
2022-05-02 21:00:00,42,1,42,2,12,7,0,21,0,669
2022-05-02 22:00:00,42,1,42,2,12,7,0,22,0,697
2022-05-02 23:00:00,42,1,42,2,12,7,0,23,0,860
2022-05-03 00:00:00,43,1,43,2,13,7,1,0,0,712
2022-05-03 01:00:00,43,1,43,2,13,7,1,1,0,806
2022-05-03 02:00:00,43,1,43,2,13,7,1,2,0,625
2022-05-03 03:00:00,43,1,43,2,13,7,1,3,0,537
2022-05-03 04:00:00,43,1,43,2,13,7,1,4,0,353
2022-05-03 05:00:00,43,1,43,2,13,7,1,5,0,100
2022-05-03 06:00:00,43,1,43,2,13,7,1,6,0,35
2022-05-03 07:00:00,43,1,43,2,13,7,1,7,0,12
2022-05-03 08:00:00,43,1,43,2,13,7,1,8,0,15
2022-05-03 09:00:00,43,1,43,2,13,7,1,9,0,41
2022-05-03 10:00:00,43,1,43,2,13,7,1,10,0,120
2022-05-03 11:00:00,43,1,43,2,13,7,1,11,0,310
2022-05-03 12:00:00,43,1,43,2,13,7,1,12,0,419
2022-05-03 13:00:00,43,1,43,2,13,7,1,13,0,533
2022-05-03 14:00:00,43,1,43,2,13,7,1,14,0,636
2022-05-03 15:00:00,43,1,43,2,13,7,1,15,0,714
2022-05-03 16:00:00,43,1,43,2,13,7,1,16,0,493
2022-05-03 17:00:00,43,1,43,2,13,7,1,17,0,468
2022-05-03 18:00:00,43,1,43,2,13,7,1,18,0,524
2022-05-03 19:00:00,43,1,43,2,13,7,1,19,0,673
2022-05-03 20:00:00,43,1,43,2,13,7,1,20,0,535
2022-05-03 21:00:00,43,1,43,2,13,7,1,21,0,681
2022-05-03 22:00:00,43,1,43,2,13,7,1,22,0,647
2022-05-03 23:00:00,43,1,43,2,13,7,1,23,0,866
2022-05-04 00:00:00,44,1,44,2,14,7,2,0,0,846
2022-05-04 01:00:00,44,1,44,2,14,7,2,1,0,856
2022-05-04 02:00:00,44,1,44,2,14,7,2,2,0,767
2022-05-04 03:00:00,44,1,44,2,14,7,2,3,0,599
2022-05-04 04:00:00,44,1,44,2,14,7,2,4,0,360
2022-05-04 05:00:00,44,1,44,2,14,7,2,5,0,93
2022-05-04 06:00:00,44,1,44,2,14,7,2,6,0,39
2022-05-04 07:00:00,44,1,44,2,14,7,2,7,0,17
2022-05-04 08:00:00,44,1,44,2,14,7,2,8,0,14
2022-05-04 09:00:00,44,1,44,2,14,7,2,9,0,33
2022-05-04 10:00:00,44,1,44,2,14,7,2,10,0,79
2022-05-04 11:00:00,44,1,44,2,14,7,2,11,0,251
2022-05-04 12:00:00,44,1,44,2,14,7,2,12,0,435
2022-05-04 13:00:00,44,1,44,2,14,7,2,13,0,555
2022-05-04 14:00:00,44,1,44,2,14,7,2,14,0,747
2022-05-04 15:00:00,44,1,44,2,14,7,2,15,0,742
2022-05-04 16:00:00,44,1,44,2,14,7,2,16,0,539
2022-05-04 17:00:00,44,1,44,2,14,7,2,17,0,540
2022-05-04 18:00:00,44,1,44,2,14,7,2,18,0,505
2022-05-04 19:00:00,44,1,44,2,14,7,2,19,0,617
2022-05-04 20:00:00,44,1,44,2,14,7,2,20,0,629
2022-05-04 21:00:00,44,1,44,2,14,7,2,21,0,834
2022-05-04 22:00:00,44,1,44,2,14,7,2,22,0,750
2022-05-04 23:00:00,44,1,44,2,14,7,2,23,0,853
2022-05-05 00:00:00,45,1,45,2,15,7,3,0,0,979
2022-05-05 01:00:00,45,1,45,2,15,7,3,1,0,882
2022-05-05 02:00:00,45,1,45,2,15,7,3,2,0,745
2022-05-05 03:00:00,45,1,45,2,15,7,3,3,0,585
2022-05-05 04:00:00,45,1,45,2,15,7,3,4,0,306
2022-05-05 05:00:00,45,1,45,2,15,7,3,5,0,133
2022-05-05 06:00:00,45,1,45,2,15,7,3,6,0,51
2022-05-05 07:00:00,45,1,45,2,15,7,3,7,0,26
2022-05-05 08:00:00,45,1,45,2,15,7,3,8,0,17
2022-05-05 09:00:00,45,1,45,2,15,7,3,9,0,37
2022-05-05 10:00:00,45,1,45,2,15,7,3,10,0,94
2022-05-05 11:00:00,45,1,45,2,15,7,3,11,0,312
2022-05-05 12:00:00,45,1,45,2,15,7,3,12,0,450
2022-05-05 13:00:00,45,1,45,2,15,7,3,13,0,478
2022-05-05 14:00:00,45,1,45,2,15,7,3,14,0,496
2022-05-05 15:00:00,45,1,45,2,15,7,3,15,0,486
2022-05-05 16:00:00,45,1,45,2,15,7,3,16,0,553
2022-05-05 17:00:00,45,1,45,2,15,7,3,17,0,563
2022-05-05 18:00:00,45,1,45,2,15,7,3,18,0,684
2022-05-05 19:00:00,45,1,45,2,15,7,3,19,0,767
2022-05-05 20:00:00,45,1,45,2,15,7,3,20,0,795
2022-05-05 21:00:00,45,1,45,2,15,7,3,21,0,948
2022-05-05 22:00:00,45,1,45,2,15,7,3,22,0,950
2022-05-05 23:00:00,45,1,45,2,15,7,3,23,0,968
2022-05-06 00:00:00,46,2,0,2,16,7,4,0,0,939
2022-05-06 01:00:00,46,2,0,2,16,7,4,1,0,683
2022-05-06 02:00:00,46,2,0,2,16,7,4,2,0,549
2022-05-06 03:00:00,46,2,0,2,16,7,4,3,0,379
2022-05-06 04:00:00,46,2,0,2,16,7,4,4,0,179
2022-05-06 05:00:00,46,2,0,2,16,7,4,5,0,75
2022-05-06 06:00:00,46,2,0,2,16,7,4,6,0,23
2022-05-06 07:00:00,46,2,0,2,16,7,4,7,0,17
2022-05-06 08:00:00,46,2,0,2,16,7,4,8,0,6
2022-05-06 09:00:00,46,2,0,2,16,7,4,9,0,12
2022-05-06 10:00:00,46,2,0,2,16,7,4,10,0,33
2022-05-06 11:00:00,46,2,0,2,16,7,4,11,0,190
2022-05-06 12:00:00,46,2,0,2,16,7,4,12,0,411
2022-05-06 13:00:00,46,2,0,2,16,7,4,13,0,727
2022-05-06 14:00:00,46,2,0,2,16,7,4,14,0,856
2022-05-06 15:00:00,46,2,0,2,16,7,4,15,0,959
2022-05-06 16:00:00,46,2,0,2,16,7,4,16,0,943
2022-05-06 17:00:00,46,2,0,2,16,7,4,17,0,760
2022-05-06 18:00:00,46,2,0,2,16,7,4,18,0,881
2022-05-06 19:00:00,46,2,0,2,16,7,4,19,0,890
2022-05-06 20:00:00,46,2,0,2,16,7,4,20,0,948
2022-05-06 21:00:00,46,2,0,2,16,7,4,21,0,973
2022-05-06 22:00:00,46,2,0,2,16,7,4,22,0,938
2022-05-06 23:00:00,46,2,0,2,16,7,4,23,0,816
2022-05-07 00:00:00,47,2,1,2,17,7,5,0,0,765
2022-05-07 01:00:00,47,2,1,2,17,7,5,1,0,609
2022-05-07 02:00:00,47,2,1,2,17,7,5,2,0,472
2022-05-07 03:00:00,47,2,1,2,17,7,5,3,0,384
2022-05-07 04:00:00,47,2,1,2,17,7,5,4,0,247
2022-05-07 05:00:00,47,2,1,2,17,7,5,5,0,124
2022-05-07 06:00:00,47,2,1,2,17,7,5,6,0,48
2022-05-07 07:00:00,47,2,1,2,17,7,5,7,0,18
2022-05-07 08:00:00,47,2,1,2,17,7,5,8,0,12
2022-05-07 09:00:00,47,2,1,2,17,7,5,9,0,17
2022-05-07 10:00:00,47,2,1,2,17,7,5,10,0,45
2022-05-07 11:00:00,47,2,1,2,17,7,5,11,0,311
2022-05-07 12:00:00,47,2,1,2,17,7,5,12,0,700
2022-05-07 13:00:00,47,2,1,2,17,7,5,13,0,759
2022-05-07 14:00:00,47,2,1,2,17,7,5,14,0,795
2022-05-07 15:00:00,47,2,1,2,17,7,5,15,0,1029
2022-05-07 16:00:00,47,2,1,2,17,7,5,16,0,867
2022-05-07 17:00:00,47,2,1,2,17,7,5,17,0,690
2022-05-07 18:00:00,47,2,1,2,17,7,5,18,0,756
2022-05-07 19:00:00,47,2,1,2,17,7,5,19,0,799
2022-05-07 20:00:00,47,2,1,2,17,7,5,20,0,710
2022-05-07 21:00:00,47,2,1,2,17,7,5,21,0,629
2022-05-07 22:00:00,47,2,1,2,17,7,5,22,0,641
2022-05-07 23:00:00,47,2,1,2,17,7,5,23,0,555
2022-05-08 00:00:00,48,2,2,2,18,7,6,0,0,448
2022-05-08 01:00:00,48,2,2,2,18,7,6,1,0,420
2022-05-08 02:00:00,48,2,2,2,18,7,6,2,0,420
2022-05-08 03:00:00,48,2,2,2,18,7,6,3,0,331
2022-05-08 04:00:00,48,2,2,2,18,7,6,4,0,171
2022-05-08 05:00:00,48,2,2,2,18,7,6,5,0,89
2022-05-08 06:00:00,48,2,2,2,18,7,6,6,0,40
2022-05-08 07:00:00,48,2,2,2,18,7,6,7,0,22
2022-05-08 08:00:00,48,2,2,2,18,7,6,8,0,9
2022-05-08 09:00:00,48,2,2,2,18,7,6,9,0,9
2022-05-08 10:00:00,48,2,2,2,18,7,6,10,0,21
2022-05-08 11:00:00,48,2,2,2,18,7,6,11,0,45
2022-05-08 12:00:00,48,2,2,2,18,7,6,12,0,108
2022-05-08 13:00:00,48,2,2,2,18,7,6,13,0,208
2022-05-08 14:00:00,48,2,2,2,18,7,6,14,0,320
2022-05-08 15:00:00,48,2,2,2,18,7,6,15,0,397
2022-05-08 16:00:00,48,2,2,2,18,7,6,16,0,416
2022-05-08 17:00:00,48,2,2,2,18,7,6,17,0,344
2022-05-08 18:00:00,48,2,2,2,18,7,6,18,0,384
2022-05-08 19:00:00,48,2,2,2,18,7,6,19,0,366
2022-05-08 20:00:00,48,2,2,2,18,7,6,20,0,429
2022-05-08 21:00:00,48,2,2,2,18,7,6,21,0,397
2022-05-08 22:00:00,48,2,2,2,18,7,6,22,0,373
2022-05-08 23:00:00,48,2,2,2,18,7,6,23,0,407
2022-05-09 00:00:00,49,2,3,2,19,8,0,0,0,444
2022-05-09 01:00:00,49,2,3,2,19,8,0,1,0,438
2022-05-09 02:00:00,49,2,3,2,19,8,0,2,0,316
2022-05-09 03:00:00,49,2,3,2,19,8,0,3,0,266
2022-05-09 04:00:00,49,2,3,2,19,8,0,4,0,160
2022-05-09 05:00:00,49,2,3,2,19,8,0,5,0,71
2022-05-09 06:00:00,49,2,3,2,19,8,0,6,0,23
2022-05-09 07:00:00,49,2,3,2,19,8,0,7,0,11
2022-05-09 08:00:00,49,2,3,2,19,8,0,8,0,11
2022-05-09 09:00:00,49,2,3,2,19,8,0,9,0,12
2022-05-09 10:00:00,49,2,3,2,19,8,0,10,0,52
2022-05-09 11:00:00,49,2,3,2,19,8,0,11,0,268
2022-05-09 12:00:00,49,2,3,2,19,8,0,12,0,420
2022-05-09 13:00:00,49,2,3,2,19,8,0,13,0,668
2022-05-09 14:00:00,49,2,3,2,19,8,0,14,0,718
2022-05-09 15:00:00,49,2,3,2,19,8,0,15,0,816
2022-05-09 16:00:00,49,2,3,2,19,8,0,16,0,921
2022-05-09 17:00:00,49,2,3,2,19,8,0,17,0,789
2022-05-09 18:00:00,49,2,3,2,19,8,0,18,0,708
2022-05-09 19:00:00,49,2,3,2,19,8,0,19,0,869
2022-05-09 20:00:00,49,2,3,2,19,8,0,20,0,800
2022-05-09 21:00:00,49,2,3,2,19,8,0,21,0,828
2022-05-09 22:00:00,49,2,3,2,19,8,0,22,0,839
2022-05-09 23:00:00,49,2,3,2,19,8,0,23,0,935
2022-05-10 00:00:00,50,2,4,2,20,8,1,0,0,797
2022-05-10 01:00:00,50,2,4,2,20,8,1,1,0,754
2022-05-10 02:00:00,50,2,4,2,20,8,1,2,0,655
2022-05-10 03:00:00,50,2,4,2,20,8,1,3,0,441
2022-05-10 04:00:00,50,2,4,2,20,8,1,4,0,279
2022-05-10 05:00:00,50,2,4,2,20,8,1,5,0,100
2022-05-10 06:00:00,50,2,4,2,20,8,1,6,0,30
2022-05-10 07:00:00,50,2,4,2,20,8,1,7,0,21
2022-05-10 08:00:00,50,2,4,2,20,8,1,8,0,4
2022-05-10 09:00:00,50,2,4,2,20,8,1,9,0,23
2022-05-10 10:00:00,50,2,4,2,20,8,1,10,0,110
2022-05-10 11:00:00,50,2,4,2,20,8,1,11,0,331
2022-05-10 12:00:00,50,2,4,2,20,8,1,12,0,478
2022-05-10 13:00:00,50,2,4,2,20,8,1,13,0,671
2022-05-10 14:00:00,50,2,4,2,20,8,1,14,0,662
2022-05-10 15:00:00,50,2,4,2,20,8,1,15,0,630
2022-05-10 16:00:00,50,2,4,2,20,8,1,16,0,605
2022-05-10 17:00:00,50,2,4,2,20,8,1,17,0,498
2022-05-10 18:00:00,50,2,4,2,20,8,1,18,0,544
2022-05-10 19:00:00,50,2,4,2,20,8,1,19,0,684
2022-05-10 20:00:00,50,2,4,2,20,8,1,20,0,621
2022-05-10 21:00:00,50,2,4,2,20,8,1,21,0,684
2022-05-10 22:00:00,50,2,4,2,20,8,1,22,0,698
2022-05-10 23:00:00,50,2,4,2,20,8,1,23,0,856
2022-05-11 00:00:00,51,2,5,2,21,8,2,0,0,755
2022-05-11 01:00:00,51,2,5,2,21,8,2,1,0,695
2022-05-11 02:00:00,51,2,5,2,21,8,2,2,0,589
2022-05-11 03:00:00,51,2,5,2,21,8,2,3,0,464
2022-05-11 04:00:00,51,2,5,2,21,8,2,4,0,244
2022-05-11 05:00:00,51,2,5,2,21,8,2,5,0,97
2022-05-11 06:00:00,51,2,5,2,21,8,2,6,0,34
2022-05-11 07:00:00,51,2,5,2,21,8,2,7,0,11
2022-05-11 08:00:00,51,2,5,2,21,8,2,8,0,12
2022-05-11 09:00:00,51,2,5,2,21,8,2,9,0,29
2022-05-11 10:00:00,51,2,5,2,21,8,2,10,0,62
2022-05-11 11:00:00,51,2,5,2,21,8,2,11,0,170
2022-05-11 12:00:00,51,2,5,2,21,8,2,12,0,315
2022-05-11 13:00:00,51,2,5,2,21,8,2,13,0,492
2022-05-11 14:00:00,51,2,5,2,21,8,2,14,0,683
2022-05-11 15:00:00,51,2,5,2,21,8,2,15,0,639
2022-05-11 16:00:00,51,2,5,2,21,8,2,16,0,473
2022-05-11 17:00:00,51,2,5,2,21,8,2,17,0,414
2022-05-11 18:00:00,51,2,5,2,21,8,2,18,0,411
2022-05-11 19:00:00,51,2,5,2,21,8,2,19,0,578
2022-05-11 20:00:00,51,2,5,2,21,8,2,20,0,591
2022-05-11 21:00:00,51,2,5,2,21,8,2,21,0,514
2022-05-11 22:00:00,51,2,5,2,21,8,2,22,0,559
2022-05-11 23:00:00,51,2,5,2,21,8,2,23,0,578
2022-05-12 00:00:00,52,2,6,2,22,8,3,0,0,548
2022-05-12 01:00:00,52,2,6,2,22,8,3,1,0,532
2022-05-12 02:00:00,52,2,6,2,22,8,3,2,0,538
2022-05-12 03:00:00,52,2,6,2,22,8,3,3,0,446
2022-05-12 04:00:00,52,2,6,2,22,8,3,4,0,180
2022-05-12 05:00:00,52,2,6,2,22,8,3,5,0,82
2022-05-12 06:00:00,52,2,6,2,22,8,3,6,0,31
2022-05-12 07:00:00,52,2,6,2,22,8,3,7,0,12
2022-05-12 08:00:00,52,2,6,2,22,8,3,8,0,14
2022-05-12 09:00:00,52,2,6,2,22,8,3,9,0,14
2022-05-12 10:00:00,52,2,6,2,22,8,3,10,0,54
2022-05-12 11:00:00,52,2,6,2,22,8,3,11,0,198
2022-05-12 12:00:00,52,2,6,2,22,8,3,12,0,333
2022-05-12 13:00:00,52,2,6,2,22,8,3,13,0,522
2022-05-12 14:00:00,52,2,6,2,22,8,3,14,0,583
2022-05-12 15:00:00,52,2,6,2,22,8,3,15,0,566
2022-05-12 16:00:00,52,2,6,2,22,8,3,16,0,550
2022-05-12 17:00:00,52,2,6,2,22,8,3,17,0,441
2022-05-12 18:00:00,52,2,6,2,22,8,3,18,0,451
2022-05-12 19:00:00,52,2,6,2,22,8,3,19,0,557
2022-05-12 20:00:00,52,2,6,2,22,8,3,20,0,616
2022-05-12 21:00:00,52,2,6,2,22,8,3,21,0,668
2022-05-12 22:00:00,52,2,6,2,22,8,3,22,0,568
2022-05-12 23:00:00,52,2,6,2,22,8,3,23,0,625
2022-05-13 00:00:00,53,2,7,2,23,8,4,0,0,568
2022-05-13 01:00:00,53,2,7,2,23,8,4,1,0,636
2022-05-13 02:00:00,53,2,7,2,23,8,4,2,0,524
2022-05-13 03:00:00,53,2,7,2,23,8,4,3,0,457
2022-05-13 04:00:00,53,2,7,2,23,8,4,4,0,232
2022-05-13 05:00:00,53,2,7,2,23,8,4,5,0,126
2022-05-13 06:00:00,53,2,7,2,23,8,4,6,0,37
2022-05-13 07:00:00,53,2,7,2,23,8,4,7,0,15
2022-05-13 08:00:00,53,2,7,2,23,8,4,8,0,21
2022-05-13 09:00:00,53,2,7,2,23,8,4,9,0,35
2022-05-13 10:00:00,53,2,7,2,23,8,4,10,0,71
2022-05-13 11:00:00,53,2,7,2,23,8,4,11,0,180
2022-05-13 12:00:00,53,2,7,2,23,8,4,12,0,355
2022-05-13 13:00:00,53,2,7,2,23,8,4,13,0,501
2022-05-13 14:00:00,53,2,7,2,23,8,4,14,0,534
2022-05-13 15:00:00,53,2,7,2,23,8,4,15,0,600
2022-05-13 16:00:00,53,2,7,2,23,8,4,16,0,569
2022-05-13 17:00:00,53,2,7,2,23,8,4,17,0,473
2022-05-13 18:00:00,53,2,7,2,23,8,4,18,0,419
2022-05-13 19:00:00,53,2,7,2,23,8,4,19,0,487
2022-05-13 20:00:00,53,2,7,2,23,8,4,20,0,504
2022-05-13 21:00:00,53,2,7,2,23,8,4,21,0,496
2022-05-13 22:00:00,53,2,7,2,23,8,4,22,0,572
2022-05-13 23:00:00,53,2,7,2,23,8,4,23,0,628
2022-05-14 00:00:00,54,2,8,2,24,8,5,0,0,564
2022-05-14 01:00:00,54,2,8,2,24,8,5,1,0,540
2022-05-14 02:00:00,54,2,8,2,24,8,5,2,0,444
2022-05-14 03:00:00,54,2,8,2,24,8,5,3,0,402
2022-05-14 04:00:00,54,2,8,2,24,8,5,4,0,194
2022-05-14 05:00:00,54,2,8,2,24,8,5,5,0,114
2022-05-14 06:00:00,54,2,8,2,24,8,5,6,0,30
2022-05-14 07:00:00,54,2,8,2,24,8,5,7,0,14
2022-05-14 08:00:00,54,2,8,2,24,8,5,8,0,11
2022-05-14 09:00:00,54,2,8,2,24,8,5,9,0,14
2022-05-14 10:00:00,54,2,8,2,24,8,5,10,0,63
2022-05-14 11:00:00,54,2,8,2,24,8,5,11,0,170
2022-05-14 12:00:00,54,2,8,2,24,8,5,12,0,355
2022-05-14 13:00:00,54,2,8,2,24,8,5,13,0,459
2022-05-14 14:00:00,54,2,8,2,24,8,5,14,0,557
2022-05-14 15:00:00,54,2,8,2,24,8,5,15,0,579
2022-05-14 16:00:00,54,2,8,2,24,8,5,16,0,496
2022-05-14 17:00:00,54,2,8,2,24,8,5,17,0,448
2022-05-14 18:00:00,54,2,8,2,24,8,5,18,0,471
2022-05-14 19:00:00,54,2,8,2,24,8,5,19,0,466
2022-05-14 20:00:00,54,2,8,2,24,8,5,20,0,409
2022-05-14 21:00:00,54,2,8,2,24,8,5,21,0,374
2022-05-14 22:00:00,54,2,8,2,24,8,5,22,0,382
2022-05-14 23:00:00,54,2,8,2,24,8,5,23,0,344
2022-05-15 00:00:00,55,2,9,2,25,8,6,0,0,305
2022-05-15 01:00:00,55,2,9,2,25,8,6,1,0,330
2022-05-15 02:00:00,55,2,9,2,25,8,6,2,0,264
2022-05-15 03:00:00,55,2,9,2,25,8,6,3,0,185
2022-05-15 04:00:00,55,2,9,2,25,8,6,4,0,145
2022-05-15 05:00:00,55,2,9,2,25,8,6,5,0,63
2022-05-15 06:00:00,55,2,9,2,25,8,6,6,0,32
2022-05-15 07:00:00,55,2,9,2,25,8,6,7,0,9
2022-05-15 08:00:00,55,2,9,2,25,8,6,8,0,9
2022-05-15 09:00:00,55,2,9,2,25,8,6,9,0,10
2022-05-15 10:00:00,55,2,9,2,25,8,6,10,0,6
2022-05-15 11:00:00,55,2,9,2,25,8,6,11,0,28
2022-05-15 12:00:00,55,2,9,2,25,8,6,12,0,70
2022-05-15 13:00:00,55,2,9,2,25,8,6,13,0,167
2022-05-15 14:00:00,55,2,9,2,25,8,6,14,0,256
2022-05-15 15:00:00,55,2,9,2,25,8,6,15,0,337
2022-05-15 16:00:00,55,2,9,2,25,8,6,16,0,366
2022-05-15 17:00:00,55,2,9,2,25,8,6,17,0,331
2022-05-15 18:00:00,55,2,9,2,25,8,6,18,0,331
2022-05-15 19:00:00,55,2,9,2,25,8,6,19,0,384
2022-05-15 20:00:00,55,2,9,2,25,8,6,20,0,337
2022-05-15 21:00:00,55,2,9,2,25,8,6,21,0,337
2022-05-15 22:00:00,55,2,9,2,25,8,6,22,0,305
2022-05-15 23:00:00,55,2,9,2,25,8,6,23,0,387
2022-05-16 00:00:00,56,2,10,2,26,9,0,0,0,335
2022-05-16 01:00:00,56,2,10,2,26,9,0,1,0,316
2022-05-16 02:00:00,56,2,10,2,26,9,0,2,0,333
2022-05-16 03:00:00,56,2,10,2,26,9,0,3,0,257
2022-05-16 04:00:00,56,2,10,2,26,9,0,4,0,189
2022-05-16 05:00:00,56,2,10,2,26,9,0,5,0,83
2022-05-16 06:00:00,56,2,10,2,26,9,0,6,0,30
2022-05-16 07:00:00,56,2,10,2,26,9,0,7,0,11
2022-05-16 08:00:00,56,2,10,2,26,9,0,8,0,9
2022-05-16 09:00:00,56,2,10,2,26,9,0,9,0,29
2022-05-16 10:00:00,56,2,10,2,26,9,0,10,0,62
2022-05-16 11:00:00,56,2,10,2,26,9,0,11,0,197
2022-05-16 12:00:00,56,2,10,2,26,9,0,12,0,300
2022-05-16 13:00:00,56,2,10,2,26,9,0,13,0,482
2022-05-16 14:00:00,56,2,10,2,26,9,0,14,0,569
2022-05-16 15:00:00,56,2,10,2,26,9,0,15,0,514
2022-05-16 16:00:00,56,2,10,2,26,9,0,16,0,518
2022-05-16 17:00:00,56,2,10,2,26,9,0,17,0,463
2022-05-16 18:00:00,56,2,10,2,26,9,0,18,0,477
2022-05-16 19:00:00,56,2,10,2,26,9,0,19,0,503
2022-05-16 20:00:00,56,2,10,2,26,9,0,20,0,466
2022-05-16 21:00:00,56,2,10,2,26,9,0,21,0,493
2022-05-16 22:00:00,56,2,10,2,26,9,0,22,0,494
2022-05-16 23:00:00,56,2,10,2,26,9,0,23,0,556
2022-05-17 00:00:00,57,2,11,2,27,9,1,0,0,524
2022-05-17 01:00:00,57,2,11,2,27,9,1,1,0,469
2022-05-17 02:00:00,57,2,11,2,27,9,1,2,0,465
2022-05-17 03:00:00,57,2,11,2,27,9,1,3,0,418
2022-05-17 04:00:00,57,2,11,2,27,9,1,4,0,198
2022-05-17 05:00:00,57,2,11,2,27,9,1,5,0,72
2022-05-17 06:00:00,57,2,11,2,27,9,1,6,0,21
2022-05-17 07:00:00,57,2,11,2,27,9,1,7,0,9
2022-05-17 08:00:00,57,2,11,2,27,9,1,8,0,6
2022-05-17 09:00:00,57,2,11,2,27,9,1,9,0,23
2022-05-17 10:00:00,57,2,11,2,27,9,1,10,0,57
2022-05-17 11:00:00,57,2,11,2,27,9,1,11,0,159
2022-05-17 12:00:00,57,2,11,2,27,9,1,12,0,229
2022-05-17 13:00:00,57,2,11,2,27,9,1,13,0,422
2022-05-17 14:00:00,57,2,11,2,27,9,1,14,0,494
2022-05-17 15:00:00,57,2,11,2,27,9,1,15,0,510
2022-05-17 16:00:00,57,2,11,2,27,9,1,16,0,456
2022-05-17 17:00:00,57,2,11,2,27,9,1,17,0,328
2022-05-17 18:00:00,57,2,11,2,27,9,1,18,0,357
2022-05-17 19:00:00,57,2,11,2,27,9,1,19,0,471
2022-05-17 20:00:00,57,2,11,2,27,9,1,20,0,403
2022-05-17 21:00:00,57,2,11,2,27,9,1,21,0,400
2022-05-17 22:00:00,57,2,11,2,27,9,1,22,0,424
2022-05-17 23:00:00,57,2,11,2,27,9,1,23,0,515
2022-05-18 00:00:00,58,2,12,2,28,9,2,0,0,501
2022-05-18 01:00:00,58,2,12,2,28,9,2,1,0,498
2022-05-18 02:00:00,58,2,12,2,28,9,2,2,0,421
2022-05-18 03:00:00,58,2,12,2,28,9,2,3,0,373
2022-05-18 04:00:00,58,2,12,2,28,9,2,4,0,174
2022-05-18 05:00:00,58,2,12,2,28,9,2,5,0,51
2022-05-18 06:00:00,58,2,12,2,28,9,2,6,0,24
2022-05-18 07:00:00,58,2,12,2,28,9,2,7,0,9
2022-05-18 08:00:00,58,2,12,2,28,9,2,8,0,8
2022-05-18 09:00:00,58,2,12,2,28,9,2,9,0,18
2022-05-18 10:00:00,58,2,12,2,28,9,2,10,0,55
2022-05-18 11:00:00,58,2,12,2,28,9,2,11,0,122
2022-05-18 12:00:00,58,2,12,2,28,9,2,12,0,225
2022-05-18 13:00:00,58,2,12,2,28,9,2,13,0,372
2022-05-18 14:00:00,58,2,12,2,28,9,2,14,0,468
2022-05-18 15:00:00,58,2,12,2,28,9,2,15,0,450
2022-05-18 16:00:00,58,2,12,2,28,9,2,16,0,441
2022-05-18 17:00:00,58,2,12,2,28,9,2,17,0,354
2022-05-18 18:00:00,58,2,12,2,28,9,2,18,0,420
2022-05-18 19:00:00,58,2,12,2,28,9,2,19,0,398
2022-05-18 20:00:00,58,2,12,2,28,9,2,20,0,449
2022-05-18 21:00:00,58,2,12,2,28,9,2,21,0,475
2022-05-18 22:00:00,58,2,12,2,28,9,2,22,0,446
2022-05-18 23:00:00,58,2,12,2,28,9,2,23,0,462
2022-05-19 00:00:00,59,2,13,2,29,9,3,0,0,479
2022-05-19 01:00:00,59,2,13,2,29,9,3,1,0,536
2022-05-19 02:00:00,59,2,13,2,29,9,3,2,0,425
2022-05-19 03:00:00,59,2,13,2,29,9,3,3,0,312
2022-05-19 04:00:00,59,2,13,2,29,9,3,4,0,162
2022-05-19 05:00:00,59,2,13,2,29,9,3,5,0,78
2022-05-19 06:00:00,59,2,13,2,29,9,3,6,0,27
2022-05-19 07:00:00,59,2,13,2,29,9,3,7,0,8
2022-05-19 08:00:00,59,2,13,2,29,9,3,8,0,5
2022-05-19 09:00:00,59,2,13,2,29,9,3,9,0,24
2022-05-19 10:00:00,59,2,13,2,29,9,3,10,0,91
2022-05-19 11:00:00,59,2,13,2,29,9,3,11,0,195
2022-05-19 12:00:00,59,2,13,2,29,9,3,12,0,264
2022-05-19 13:00:00,59,2,13,2,29,9,3,13,0,369
2022-05-19 14:00:00,59,2,13,2,29,9,3,14,0,451
2022-05-19 15:00:00,59,2,13,2,29,9,3,15,0,496
2022-05-19 16:00:00,59,2,13,2,29,9,3,16,0,428
2022-05-19 17:00:00,59,2,13,2,29,9,3,17,0,354
2022-05-19 18:00:00,59,2,13,2,29,9,3,18,0,347
2022-05-19 19:00:00,59,2,13,2,29,9,3,19,0,439
2022-05-19 20:00:00,59,2,13,2,29,9,3,20,0,369
2022-05-19 21:00:00,59,2,13,2,29,9,3,21,0,383
2022-05-19 22:00:00,59,2,13,2,29,9,3,22,0,367
2022-05-19 23:00:00,59,2,13,2,29,9,3,23,0,392
2022-05-20 00:00:00,60,2,14,3,0,9,4,0,0,377
2022-05-20 01:00:00,60,2,14,3,0,9,4,1,0,446
2022-05-20 02:00:00,60,2,14,3,0,9,4,2,0,425
2022-05-20 03:00:00,60,2,14,3,0,9,4,3,0,299
2022-05-20 04:00:00,60,2,14,3,0,9,4,4,0,209
2022-05-20 05:00:00,60,2,14,3,0,9,4,5,0,72
2022-05-20 06:00:00,60,2,14,3,0,9,4,6,0,34
2022-05-20 07:00:00,60,2,14,3,0,9,4,7,0,11
2022-05-20 08:00:00,60,2,14,3,0,9,4,8,0,5
2022-05-20 09:00:00,60,2,14,3,0,9,4,9,0,14
2022-05-20 10:00:00,60,2,14,3,0,9,4,10,0,53
2022-05-20 11:00:00,60,2,14,3,0,9,4,11,0,169
2022-05-20 12:00:00,60,2,14,3,0,9,4,12,0,252
2022-05-20 13:00:00,60,2,14,3,0,9,4,13,0,345
2022-05-20 14:00:00,60,2,14,3,0,9,4,14,0,437
2022-05-20 15:00:00,60,2,14,3,0,9,4,15,0,493
2022-05-20 16:00:00,60,2,14,3,0,9,4,16,0,418
2022-05-20 17:00:00,60,2,14,3,0,9,4,17,0,352
2022-05-20 18:00:00,60,2,14,3,0,9,4,18,0,342
2022-05-20 19:00:00,60,2,14,3,0,9,4,19,0,396
2022-05-20 20:00:00,60,2,14,3,0,9,4,20,0,395
2022-05-20 21:00:00,60,2,14,3,0,9,4,21,0,365
2022-05-20 22:00:00,60,2,14,3,0,9,4,22,0,401
2022-05-20 23:00:00,60,2,14,3,0,9,4,23,0,379
2022-05-21 00:00:00,61,2,15,3,1,9,5,0,0,330
2022-05-21 01:00:00,61,2,15,3,1,9,5,1,0,429
2022-05-21 02:00:00,61,2,15,3,1,9,5,2,0,344
2022-05-21 03:00:00,61,2,15,3,1,9,5,3,0,262
2022-05-21 04:00:00,61,2,15,3,1,9,5,4,0,182
2022-05-21 05:00:00,61,2,15,3,1,9,5,5,0,62
2022-05-21 06:00:00,61,2,15,3,1,9,5,6,0,21
2022-05-21 07:00:00,61,2,15,3,1,9,5,7,0,9
2022-05-21 08:00:00,61,2,15,3,1,9,5,8,0,8
2022-05-21 09:00:00,61,2,15,3,1,9,5,9,0,13
2022-05-21 10:00:00,61,2,15,3,1,9,5,10,0,44
2022-05-21 11:00:00,61,2,15,3,1,9,5,11,0,117
2022-05-21 12:00:00,61,2,15,3,1,9,5,12,0,209
2022-05-21 13:00:00,61,2,15,3,1,9,5,13,0,249
2022-05-21 14:00:00,61,2,15,3,1,9,5,14,0,359
2022-05-21 15:00:00,61,2,15,3,1,9,5,15,0,389
2022-05-21 16:00:00,61,2,15,3,1,9,5,16,0,421
2022-05-21 17:00:00,61,2,15,3,1,9,5,17,0,281
2022-05-21 18:00:00,61,2,15,3,1,9,5,18,0,309
2022-05-21 19:00:00,61,2,15,3,1,9,5,19,0,308
2022-05-21 20:00:00,61,2,15,3,1,9,5,20,0,299
2022-05-21 21:00:00,61,2,15,3,1,9,5,21,0,226
2022-05-21 22:00:00,61,2,15,3,1,9,5,22,0,261
2022-05-21 23:00:00,61,2,15,3,1,9,5,23,0,210
2022-05-22 00:00:00,62,2,16,3,2,9,6,0,0,190
2022-05-22 01:00:00,62,2,16,3,2,9,6,1,0,167
2022-05-22 02:00:00,62,2,16,3,2,9,6,2,0,177
2022-05-22 03:00:00,62,2,16,3,2,9,6,3,0,118
2022-05-22 04:00:00,62,2,16,3,2,9,6,4,0,73
2022-05-22 05:00:00,62,2,16,3,2,9,6,5,0,56
2022-05-22 06:00:00,62,2,16,3,2,9,6,6,0,15
2022-05-22 07:00:00,62,2,16,3,2,9,6,7,0,8
2022-05-22 08:00:00,62,2,16,3,2,9,6,8,0,6
2022-05-22 09:00:00,62,2,16,3,2,9,6,9,0,5
2022-05-22 10:00:00,62,2,16,3,2,9,6,10,0,8
2022-05-22 11:00:00,62,2,16,3,2,9,6,11,0,27
2022-05-22 12:00:00,62,2,16,3,2,9,6,12,0,76
2022-05-22 13:00:00,62,2,16,3,2,9,6,13,0,149
2022-05-22 14:00:00,62,2,16,3,2,9,6,14,0,222
2022-05-22 15:00:00,62,2,16,3,2,9,6,15,0,304
2022-05-22 16:00:00,62,2,16,3,2,9,6,16,0,274
2022-05-22 17:00:00,62,2,16,3,2,9,6,17,0,268
2022-05-22 18:00:00,62,2,16,3,2,9,6,18,0,256
2022-05-22 19:00:00,62,2,16,3,2,9,6,19,0,279
2022-05-22 20:00:00,62,2,16,3,2,9,6,20,0,304
2022-05-22 21:00:00,62,2,16,3,2,9,6,21,0,294
2022-05-22 22:00:00,62,2,16,3,2,9,6,22,0,286
2022-05-22 23:00:00,62,2,16,3,2,9,6,23,0,280
2022-05-23 00:00:00,63,2,17,3,3,10,0,0,0,273
2022-05-23 01:00:00,63,2,17,3,3,10,0,1,0,291
2022-05-23 02:00:00,63,2,17,3,3,10,0,2,0,284
2022-05-23 03:00:00,63,2,17,3,3,10,0,3,0,246
2022-05-23 04:00:00,63,2,17,3,3,10,0,4,0,159
2022-05-23 05:00:00,63,2,17,3,3,10,0,5,0,65
2022-05-23 06:00:00,63,2,17,3,3,10,0,6,0,22
2022-05-23 07:00:00,63,2,17,3,3,10,0,7,0,8
2022-05-23 08:00:00,63,2,17,3,3,10,0,8,0,3
2022-05-23 09:00:00,63,2,17,3,3,10,0,9,0,11
2022-05-23 10:00:00,63,2,17,3,3,10,0,10,0,62
2022-05-23 11:00:00,63,2,17,3,3,10,0,11,0,188
2022-05-23 12:00:00,63,2,17,3,3,10,0,12,0,293
2022-05-23 13:00:00,63,2,17,3,3,10,0,13,0,429
2022-05-23 14:00:00,63,2,17,3,3,10,0,14,0,486
2022-05-23 15:00:00,63,2,17,3,3,10,0,15,0,442
2022-05-23 16:00:00,63,2,17,3,3,10,0,16,0,436
2022-05-23 17:00:00,63,2,17,3,3,10,0,17,0,307
2022-05-23 18:00:00,63,2,17,3,3,10,0,18,0,375
2022-05-23 19:00:00,63,2,17,3,3,10,0,19,0,460
2022-05-23 20:00:00,63,2,17,3,3,10,0,20,0,417
2022-05-23 21:00:00,63,2,17,3,3,10,0,21,0,449
2022-05-23 22:00:00,63,2,17,3,3,10,0,22,0,433
2022-05-23 23:00:00,63,2,17,3,3,10,0,23,0,479
2022-05-24 00:00:00,64,2,18,3,4,10,1,0,0,510
2022-05-24 01:00:00,64,2,18,3,4,10,1,1,0,484
2022-05-24 02:00:00,64,2,18,3,4,10,1,2,0,412
2022-05-24 03:00:00,64,2,18,3,4,10,1,3,0,405
2022-05-24 04:00:00,64,2,18,3,4,10,1,4,0,209
2022-05-24 05:00:00,64,2,18,3,4,10,1,5,0,95
2022-05-24 06:00:00,64,2,18,3,4,10,1,6,0,26
2022-05-24 07:00:00,64,2,18,3,4,10,1,7,0,16
2022-05-24 08:00:00,64,2,18,3,4,10,1,8,0,10
2022-05-24 09:00:00,64,2,18,3,4,10,1,9,0,35
2022-05-24 10:00:00,64,2,18,3,4,10,1,10,0,70
2022-05-24 11:00:00,64,2,18,3,4,10,1,11,0,249
2022-05-24 12:00:00,64,2,18,3,4,10,1,12,0,316
2022-05-24 13:00:00,64,2,18,3,4,10,1,13,0,402
2022-05-24 14:00:00,64,2,18,3,4,10,1,14,0,440
2022-05-24 15:00:00,64,2,18,3,4,10,1,15,0,515
2022-05-24 16:00:00,64,2,18,3,4,10,1,16,0,472
2022-05-24 17:00:00,64,2,18,3,4,10,1,17,0,433
2022-05-24 18:00:00,64,2,18,3,4,10,1,18,0,453
2022-05-24 19:00:00,64,2,18,3,4,10,1,19,0,472
2022-05-24 20:00:00,64,2,18,3,4,10,1,20,0,400
2022-05-24 21:00:00,64,2,18,3,4,10,1,21,0,421
2022-05-24 22:00:00,64,2,18,3,4,10,1,22,0,382
2022-05-24 23:00:00,64,2,18,3,4,10,1,23,0,494
2022-05-25 00:00:00,65,2,19,3,5,10,2,0,0,466
2022-05-25 01:00:00,65,2,19,3,5,10,2,1,0,401
2022-05-25 02:00:00,65,2,19,3,5,10,2,2,0,438
2022-05-25 03:00:00,65,2,19,3,5,10,2,3,0,340
2022-05-25 04:00:00,65,2,19,3,5,10,2,4,0,187
2022-05-25 05:00:00,65,2,19,3,5,10,2,5,0,84
2022-05-25 06:00:00,65,2,19,3,5,10,2,6,0,18
2022-05-25 07:00:00,65,2,19,3,5,10,2,7,0,20
2022-05-25 08:00:00,65,2,19,3,5,10,2,8,0,11
2022-05-25 09:00:00,65,2,19,3,5,10,2,9,0,27
2022-05-25 10:00:00,65,2,19,3,5,10,2,10,0,50
2022-05-25 11:00:00,65,2,19,3,5,10,2,11,0,132
2022-05-25 12:00:00,65,2,19,3,5,10,2,12,0,236
2022-05-25 13:00:00,65,2,19,3,5,10,2,13,0,348
2022-05-25 14:00:00,65,2,19,3,5,10,2,14,0,431
2022-05-25 15:00:00,65,2,19,3,5,10,2,15,0,475
2022-05-25 16:00:00,65,2,19,3,5,10,2,16,0,419
2022-05-25 17:00:00,65,2,19,3,5,10,2,17,0,366
2022-05-25 18:00:00,65,2,19,3,5,10,2,18,0,335
2022-05-25 19:00:00,65,2,19,3,5,10,2,19,0,398
2022-05-25 20:00:00,65,2,19,3,5,10,2,20,0,347
2022-05-25 21:00:00,65,2,19,3,5,10,2,21,0,446
2022-05-25 22:00:00,65,2,19,3,5,10,2,22,0,423
2022-05-25 23:00:00,65,2,19,3,5,10,2,23,0,497
2022-05-26 00:00:00,66,2,20,3,6,10,3,0,0,487
2022-05-26 01:00:00,66,2,20,3,6,10,3,1,0,422
2022-05-26 02:00:00,66,2,20,3,6,10,3,2,0,433
2022-05-26 03:00:00,66,2,20,3,6,10,3,3,0,375
2022-05-26 04:00:00,66,2,20,3,6,10,3,4,0,199
2022-05-26 05:00:00,66,2,20,3,6,10,3,5,0,55
2022-05-26 06:00:00,66,2,20,3,6,10,3,6,0,16
2022-05-26 07:00:00,66,2,20,3,6,10,3,7,0,8
2022-05-26 08:00:00,66,2,20,3,6,10,3,8,0,12
2022-05-26 09:00:00,66,2,20,3,6,10,3,9,0,13
2022-05-26 10:00:00,66,2,20,3,6,10,3,10,0,62
2022-05-26 11:00:00,66,2,20,3,6,10,3,11,0,132
2022-05-26 12:00:00,66,2,20,3,6,10,3,12,0,231
2022-05-26 13:00:00,66,2,20,3,6,10,3,13,0,402
2022-05-26 14:00:00,66,2,20,3,6,10,3,14,0,428
2022-05-26 15:00:00,66,2,20,3,6,10,3,15,0,520
2022-05-26 16:00:00,66,2,20,3,6,10,3,16,0,332
2022-05-26 17:00:00,66,2,20,3,6,10,3,17,0,290
2022-05-26 18:00:00,66,2,20,3,6,10,3,18,0,277
2022-05-26 19:00:00,66,2,20,3,6,10,3,19,0,357
2022-05-26 20:00:00,66,2,20,3,6,10,3,20,0,406
2022-05-26 21:00:00,66,2,20,3,6,10,3,21,0,394
2022-05-26 22:00:00,66,2,20,3,6,10,3,22,0,305
2022-05-26 23:00:00,66,2,20,3,6,10,3,23,0,429
2022-05-27 00:00:00,67,2,21,3,7,10,4,0,0,390
2022-05-27 01:00:00,67,2,21,3,7,10,4,1,0,379
2022-05-27 02:00:00,67,2,21,3,7,10,4,2,0,376
2022-05-27 03:00:00,67,2,21,3,7,10,4,3,0,275
2022-05-27 04:00:00,67,2,21,3,7,10,4,4,0,157
2022-05-27 05:00:00,67,2,21,3,7,10,4,5,0,64
2022-05-27 06:00:00,67,2,21,3,7,10,4,6,0,30
2022-05-27 07:00:00,67,2,21,3,7,10,4,7,0,14
2022-05-27 08:00:00,67,2,21,3,7,10,4,8,0,8
2022-05-27 09:00:00,67,2,21,3,7,10,4,9,0,28
2022-05-27 10:00:00,67,2,21,3,7,10,4,10,0,54
2022-05-27 11:00:00,67,2,21,3,7,10,4,11,0,110
2022-05-27 12:00:00,67,2,21,3,7,10,4,12,0,208
2022-05-27 13:00:00,67,2,21,3,7,10,4,13,0,265
2022-05-27 14:00:00,67,2,21,3,7,10,4,14,0,391
2022-05-27 15:00:00,67,2,21,3,7,10,4,15,0,358
2022-05-27 16:00:00,67,2,21,3,7,10,4,16,0,350
2022-05-27 17:00:00,67,2,21,3,7,10,4,17,0,250
2022-05-27 18:00:00,67,2,21,3,7,10,4,18,0,273
2022-05-27 19:00:00,67,2,21,3,7,10,4,19,0,339
2022-05-27 20:00:00,67,2,21,3,7,10,4,20,0,295
2022-05-27 21:00:00,67,2,21,3,7,10,4,21,0,332
2022-05-27 22:00:00,67,2,21,3,7,10,4,22,0,306
2022-05-27 23:00:00,67,2,21,3,7,10,4,23,0,336
2022-05-28 00:00:00,68,2,22,3,8,10,5,0,0,365
2022-05-28 01:00:00,68,2,22,3,8,10,5,1,0,298
2022-05-28 02:00:00,68,2,22,3,8,10,5,2,0,274
2022-05-28 03:00:00,68,2,22,3,8,10,5,3,0,235
2022-05-28 04:00:00,68,2,22,3,8,10,5,4,0,167
2022-05-28 05:00:00,68,2,22,3,8,10,5,5,0,35
2022-05-28 06:00:00,68,2,22,3,8,10,5,6,0,18
2022-05-28 07:00:00,68,2,22,3,8,10,5,7,0,7
2022-05-28 08:00:00,68,2,22,3,8,10,5,8,0,7
2022-05-28 09:00:00,68,2,22,3,8,10,5,9,0,11
2022-05-28 10:00:00,68,2,22,3,8,10,5,10,0,37
2022-05-28 11:00:00,68,2,22,3,8,10,5,11,0,160
2022-05-28 12:00:00,68,2,22,3,8,10,5,12,0,398
2022-05-28 13:00:00,68,2,22,3,8,10,5,13,0,411
2022-05-28 14:00:00,68,2,22,3,8,10,5,14,0,436
2022-05-28 15:00:00,68,2,22,3,8,10,5,15,0,531
2022-05-28 16:00:00,68,2,22,3,8,10,5,16,0,425
2022-05-28 17:00:00,68,2,22,3,8,10,5,17,0,291
2022-05-28 18:00:00,68,2,22,3,8,10,5,18,0,336
2022-05-28 19:00:00,68,2,22,3,8,10,5,19,0,297
2022-05-28 20:00:00,68,2,22,3,8,10,5,20,0,260
2022-05-28 21:00:00,68,2,22,3,8,10,5,21,0,263
2022-05-28 22:00:00,68,2,22,3,8,10,5,22,0,273
2022-05-28 23:00:00,68,2,22,3,8,10,5,23,0,254
2022-05-29 00:00:00,69,2,23,3,9,10,6,0,0,256
2022-05-29 01:00:00,69,2,23,3,9,10,6,1,0,226
2022-05-29 02:00:00,69,2,23,3,9,10,6,2,0,213
2022-05-29 03:00:00,69,2,23,3,9,10,6,3,0,143
2022-05-29 04:00:00,69,2,23,3,9,10,6,4,0,102
2022-05-29 05:00:00,69,2,23,3,9,10,6,5,0,29
2022-05-29 06:00:00,69,2,23,3,9,10,6,6,0,14
2022-05-29 07:00:00,69,2,23,3,9,10,6,7,0,3
2022-05-29 08:00:00,69,2,23,3,9,10,6,8,0,3
2022-05-29 09:00:00,69,2,23,3,9,10,6,9,0,4
2022-05-29 10:00:00,69,2,23,3,9,10,6,10,0,8
2022-05-29 11:00:00,69,2,23,3,9,10,6,11,0,26
2022-05-29 12:00:00,69,2,23,3,9,10,6,12,0,61
2022-05-29 13:00:00,69,2,23,3,9,10,6,13,0,112
2022-05-29 14:00:00,69,2,23,3,9,10,6,14,0,145
2022-05-29 15:00:00,69,2,23,3,9,10,6,15,0,190
2022-05-29 16:00:00,69,2,23,3,9,10,6,16,0,210
2022-05-29 17:00:00,69,2,23,3,9,10,6,17,0,191
2022-05-29 18:00:00,69,2,23,3,9,10,6,18,0,149
2022-05-29 19:00:00,69,2,23,3,9,10,6,19,0,175
2022-05-29 20:00:00,69,2,23,3,9,10,6,20,0,0
2022-05-29 21:00:00,69,2,23,3,9,10,6,21,0,0
2022-05-29 22:00:00,69,2,23,3,9,10,6,22,0,0
2022-05-29 23:00:00,69,2,23,3,9,10,6,23,0,217
2022-05-30 00:00:00,70,2,24,3,10,11,0,0,0,269
2022-05-30 01:00:00,70,2,24,3,10,11,0,1,0,231
2022-05-30 02:00:00,70,2,24,3,10,11,0,2,0,232
2022-05-30 03:00:00,70,2,24,3,10,11,0,3,0,189
2022-05-30 04:00:00,70,2,24,3,10,11,0,4,0,118
2022-05-30 05:00:00,70,2,24,3,10,11,0,5,0,56
2022-05-30 06:00:00,70,2,24,3,10,11,0,6,0,14
2022-05-30 07:00:00,70,2,24,3,10,11,0,7,0,10
2022-05-30 08:00:00,70,2,24,3,10,11,0,8,0,0
2022-05-30 09:00:00,70,2,24,3,10,11,0,9,0,5
2022-05-30 10:00:00,70,2,24,3,10,11,0,10,0,19
2022-05-30 11:00:00,70,2,24,3,10,11,0,11,0,59
2022-05-30 12:00:00,70,2,24,3,10,11,0,12,0,136
2022-05-30 13:00:00,70,2,24,3,10,11,0,13,0,235
2022-05-30 14:00:00,70,2,24,3,10,11,0,14,0,354
2022-05-30 15:00:00,70,2,24,3,10,11,0,15,0,427
2022-05-30 16:00:00,70,2,24,3,10,11,0,16,0,413
2022-05-30 17:00:00,70,2,24,3,10,11,0,17,0,348
2022-05-30 18:00:00,70,2,24,3,10,11,0,18,0,333
2022-05-30 19:00:00,70,2,24,3,10,11,0,19,0,427
2022-05-30 20:00:00,70,2,24,3,10,11,0,20,0,420
2022-05-30 21:00:00,70,2,24,3,10,11,0,21,0,366
2022-05-30 22:00:00,70,2,24,3,10,11,0,22,0,405
2022-05-30 23:00:00,70,2,24,3,10,11,0,23,0,327
2022-05-31 00:00:00,71,2,25,3,11,11,1,0,0,395
2022-05-31 01:00:00,71,2,25,3,11,11,1,1,0,409
2022-05-31 02:00:00,71,2,25,3,11,11,1,2,0,366
2022-05-31 03:00:00,71,2,25,3,11,11,1,3,0,272
2022-05-31 04:00:00,71,2,25,3,11,11,1,4,0,175
2022-05-31 05:00:00,71,2,25,3,11,11,1,5,0,55
2022-05-31 06:00:00,71,2,25,3,11,11,1,6,0,25
2022-05-31 07:00:00,71,2,25,3,11,11,1,7,0,11
2022-05-31 08:00:00,71,2,25,3,11,11,1,8,0,8
2022-05-31 09:00:00,71,2,25,3,11,11,1,9,0,20
2022-05-31 10:00:00,71,2,25,3,11,11,1,10,0,62
2022-05-31 11:00:00,71,2,25,3,11,11,1,11,0,185
2022-05-31 12:00:00,71,2,25,3,11,11,1,12,0,246
2022-05-31 13:00:00,71,2,25,3,11,11,1,13,0,458
2022-05-31 14:00:00,71,2,25,3,11,11,1,14,0,477
2022-05-31 15:00:00,71,2,25,3,11,11,1,15,0,493
2022-05-31 16:00:00,71,2,25,3,11,11,1,16,0,498
2022-05-31 17:00:00,71,2,25,3,11,11,1,17,0,359
2022-05-31 18:00:00,71,2,25,3,11,11,1,18,0,369
2022-05-31 19:00:00,71,2,25,3,11,11,1,19,0,430
2022-05-31 20:00:00,71,2,25,3,11,11,1,20,0,488
2022-05-31 21:00:00,71,2,25,3,11,11,1,21,0,506
2022-05-31 22:00:00,71,2,25,3,11,11,1,22,0,458
2022-05-31 23:00:00,71,2,25,3,11,11,1,23,0,560
2022-06-01 00:00:00,72,2,26,3,12,11,2,0,0,495
2022-06-01 01:00:00,72,2,26,3,12,11,2,1,0,484
2022-06-01 02:00:00,72,2,26,3,12,11,2,2,0,463
2022-06-01 03:00:00,72,2,26,3,12,11,2,3,0,423
2022-06-01 04:00:00,72,2,26,3,12,11,2,4,0,237
2022-06-01 05:00:00,72,2,26,3,12,11,2,5,0,53
2022-06-01 06:00:00,72,2,26,3,12,11,2,6,0,25
2022-06-01 07:00:00,72,2,26,3,12,11,2,7,0,11
2022-06-01 08:00:00,72,2,26,3,12,11,2,8,0,11
2022-06-01 09:00:00,72,2,26,3,12,11,2,9,0,18
2022-06-01 10:00:00,72,2,26,3,12,11,2,10,0,47
2022-06-01 11:00:00,72,2,26,3,12,11,2,11,0,179
2022-06-01 12:00:00,72,2,26,3,12,11,2,12,0,217
2022-06-01 13:00:00,72,2,26,3,12,11,2,13,0,360
2022-06-01 14:00:00,72,2,26,3,12,11,2,14,0,452
2022-06-01 15:00:00,72,2,26,3,12,11,2,15,0,495
2022-06-01 16:00:00,72,2,26,3,12,11,2,16,0,435
2022-06-01 17:00:00,72,2,26,3,12,11,2,17,0,352
2022-06-01 18:00:00,72,2,26,3,12,11,2,18,0,315
2022-06-01 19:00:00,72,2,26,3,12,11,2,19,0,439
2022-06-01 20:00:00,72,2,26,3,12,11,2,20,0,420
2022-06-01 21:00:00,72,2,26,3,12,11,2,21,0,459
2022-06-01 22:00:00,72,2,26,3,12,11,2,22,0,463
2022-06-01 23:00:00,72,2,26,3,12,11,2,23,0,477
2022-06-02 00:00:00,73,2,27,3,13,11,3,0,0,250
2022-06-02 01:00:00,73,2,27,3,13,11,3,1,0,0
2022-06-02 02:00:00,73,2,27,3,13,11,3,2,0,0
2022-06-02 03:00:00,73,2,27,3,13,11,3,3,0,0
2022-06-02 04:00:00,73,2,27,3,13,11,3,4,0,0
2022-06-02 05:00:00,73,2,27,3,13,11,3,5,0,0
2022-06-02 06:00:00,73,2,27,3,13,11,3,6,0,0
2022-06-02 07:00:00,73,2,27,3,13,11,3,7,0,0
2022-06-02 08:00:00,73,2,27,3,13,11,3,8,0,0
2022-06-02 09:00:00,73,2,27,3,13,11,3,9,0,0
2022-06-02 10:00:00,73,2,27,3,13,11,3,10,0,0
2022-06-02 11:00:00,73,2,27,3,13,11,3,11,0,0
2022-06-02 12:00:00,73,2,27,3,13,11,3,12,0,0
2022-06-02 13:00:00,73,2,27,3,13,11,3,13,0,16
2022-06-02 14:00:00,73,2,27,3,13,11,3,14,0,654
2022-06-02 15:00:00,73,2,27,3,13,11,3,15,0,552
2022-06-02 16:00:00,73,2,27,3,13,11,3,16,0,385
2022-06-02 17:00:00,73,2,27,3,13,11,3,17,0,331
2022-06-02 18:00:00,73,2,27,3,13,11,3,18,0,338
2022-06-02 19:00:00,73,2,27,3,13,11,3,19,0,342
2022-06-02 20:00:00,73,2,27,3,13,11,3,20,0,345
2022-06-02 21:00:00,73,2,27,3,13,11,3,21,0,449
2022-06-02 22:00:00,73,2,27,3,13,11,3,22,0,288
2022-06-02 23:00:00,73,2,27,3,13,11,3,23,0,453
2022-06-03 00:00:00,74,2,28,3,14,11,4,0,0,468
2022-06-03 01:00:00,74,2,28,3,14,11,4,1,0,437
2022-06-03 02:00:00,74,2,28,3,14,11,4,2,0,459
2022-06-03 03:00:00,74,2,28,3,14,11,4,3,0,352
2022-06-03 04:00:00,74,2,28,3,14,11,4,4,0,193
2022-06-03 05:00:00,74,2,28,3,14,11,4,5,0,87
2022-06-03 06:00:00,74,2,28,3,14,11,4,6,0,38
2022-06-03 07:00:00,74,2,28,3,14,11,4,7,0,11
2022-06-03 08:00:00,74,2,28,3,14,11,4,8,0,8
2022-06-03 09:00:00,74,2,28,3,14,11,4,9,0,19
2022-06-03 10:00:00,74,2,28,3,14,11,4,10,0,42
2022-06-03 11:00:00,74,2,28,3,14,11,4,11,0,133
2022-06-03 12:00:00,74,2,28,3,14,11,4,12,0,281
2022-06-03 13:00:00,74,2,28,3,14,11,4,13,0,394
2022-06-03 14:00:00,74,2,28,3,14,11,4,14,0,395
2022-06-03 15:00:00,74,2,28,3,14,11,4,15,0,434
2022-06-03 16:00:00,74,2,28,3,14,11,4,16,0,399
2022-06-03 17:00:00,74,2,28,3,14,11,4,17,0,389
2022-06-03 18:00:00,74,2,28,3,14,11,4,18,0,377
2022-06-03 19:00:00,74,2,28,3,14,11,4,19,0,438
2022-06-03 20:00:00,74,2,28,3,14,11,4,20,0,374
2022-06-03 21:00:00,74,2,28,3,14,11,4,21,0,393
2022-06-03 22:00:00,74,2,28,3,14,11,4,22,0,377
2022-06-03 23:00:00,74,2,28,3,14,11,4,23,0,397
2022-06-04 00:00:00,75,2,29,3,15,11,5,0,0,429
2022-06-04 01:00:00,75,2,29,3,15,11,5,1,0,355
2022-06-04 02:00:00,75,2,29,3,15,11,5,2,0,358
2022-06-04 03:00:00,75,2,29,3,15,11,5,3,0,294
2022-06-04 04:00:00,75,2,29,3,15,11,5,4,0,158
2022-06-04 05:00:00,75,2,29,3,15,11,5,5,0,66
2022-06-04 06:00:00,75,2,29,3,15,11,5,6,0,18
2022-06-04 07:00:00,75,2,29,3,15,11,5,7,0,9
2022-06-04 08:00:00,75,2,29,3,15,11,5,8,0,11
2022-06-04 09:00:00,75,2,29,3,15,11,5,9,0,10
2022-06-04 10:00:00,75,2,29,3,15,11,5,10,0,36
2022-06-04 11:00:00,75,2,29,3,15,11,5,11,0,106
2022-06-04 12:00:00,75,2,29,3,15,11,5,12,0,227
2022-06-04 13:00:00,75,2,29,3,15,11,5,13,0,205
2022-06-04 14:00:00,75,2,29,3,15,11,5,14,0,288
2022-06-04 15:00:00,75,2,29,3,15,11,5,15,0,399
2022-06-04 16:00:00,75,2,29,3,15,11,5,16,0,359
2022-06-04 17:00:00,75,2,29,3,15,11,5,17,0,289
2022-06-04 18:00:00,75,2,29,3,15,11,5,18,0,293
2022-06-04 19:00:00,75,2,29,3,15,11,5,19,0,337
2022-06-04 20:00:00,75,2,29,3,15,11,5,20,0,349
2022-06-04 21:00:00,75,2,29,3,15,11,5,21,0,283
2022-06-04 22:00:00,75,2,29,3,15,11,5,22,0,264
2022-06-04 23:00:00,75,2,29,3,15,11,5,23,0,267
2022-06-05 00:00:00,76,2,30,3,16,11,6,0,0,270
2022-06-05 01:00:00,76,2,30,3,16,11,6,1,0,210
2022-06-05 02:00:00,76,2,30,3,16,11,6,2,0,203
2022-06-05 03:00:00,76,2,30,3,16,11,6,3,0,163
2022-06-05 04:00:00,76,2,30,3,16,11,6,4,0,115
2022-06-05 05:00:00,76,2,30,3,16,11,6,5,0,53
2022-06-05 06:00:00,76,2,30,3,16,11,6,6,0,27
2022-06-05 07:00:00,76,2,30,3,16,11,6,7,0,16
2022-06-05 08:00:00,76,2,30,3,16,11,6,8,0,8
2022-06-05 09:00:00,76,2,30,3,16,11,6,9,0,8
2022-06-05 10:00:00,76,2,30,3,16,11,6,10,0,9
2022-06-05 11:00:00,76,2,30,3,16,11,6,11,0,50
2022-06-05 12:00:00,76,2,30,3,16,11,6,12,0,74
2022-06-05 13:00:00,76,2,30,3,16,11,6,13,0,183
2022-06-05 14:00:00,76,2,30,3,16,11,6,14,0,308
2022-06-05 15:00:00,76,2,30,3,16,11,6,15,0,353
2022-06-05 16:00:00,76,2,30,3,16,11,6,16,0,343
2022-06-05 17:00:00,76,2,30,3,16,11,6,17,0,305
2022-06-05 18:00:00,76,2,30,3,16,11,6,18,0,374
2022-06-05 19:00:00,76,2,30,3,16,11,6,19,0,411
2022-06-05 20:00:00,76,2,30,3,16,11,6,20,0,419
2022-06-05 21:00:00,76,2,30,3,16,11,6,21,0,389
2022-06-05 22:00:00,76,2,30,3,16,11,6,22,0,313
2022-06-05 23:00:00,76,2,30,3,16,11,6,23,0,309
2022-06-06 00:00:00,77,2,31,3,17,12,0,0,0,329
2022-06-06 01:00:00,77,2,31,3,17,12,0,1,0,333
2022-06-06 02:00:00,77,2,31,3,17,12,0,2,0,332
2022-06-06 03:00:00,77,2,31,3,17,12,0,3,0,289
2022-06-06 04:00:00,77,2,31,3,17,12,0,4,0,178
2022-06-06 05:00:00,77,2,31,3,17,12,0,5,0,80
2022-06-06 06:00:00,77,2,31,3,17,12,0,6,0,42
2022-06-06 07:00:00,77,2,31,3,17,12,0,7,0,12
2022-06-06 08:00:00,77,2,31,3,17,12,0,8,0,20
2022-06-06 09:00:00,77,2,31,3,17,12,0,9,0,12
2022-06-06 10:00:00,77,2,31,3,17,12,0,10,0,55
2022-06-06 11:00:00,77,2,31,3,17,12,0,11,0,149
2022-06-06 12:00:00,77,2,31,3,17,12,0,12,0,336
2022-06-06 13:00:00,77,2,31,3,17,12,0,13,0,461
2022-06-06 14:00:00,77,2,31,3,17,12,0,14,0,570
2022-06-06 15:00:00,77,2,31,3,17,12,0,15,0,476
2022-06-06 16:00:00,77,2,31,3,17,12,0,16,0,498
2022-06-06 17:00:00,77,2,31,3,17,12,0,17,0,452
2022-06-06 18:00:00,77,2,31,3,17,12,0,18,0,405
2022-06-06 19:00:00,77,2,31,3,17,12,0,19,0,471
2022-06-06 20:00:00,77,2,31,3,17,12,0,20,0,493
2022-06-06 21:00:00,77,2,31,3,17,12,0,21,0,516
2022-06-06 22:00:00,77,2,31,3,17,12,0,22,0,479
2022-06-06 23:00:00,77,2,31,3,17,12,0,23,0,599
2022-06-07 00:00:00,78,2,32,3,18,12,1,0,0,543
2022-06-07 01:00:00,78,2,32,3,18,12,1,1,0,631
2022-06-07 02:00:00,78,2,32,3,18,12,1,2,0,496
2022-06-07 03:00:00,78,2,32,3,18,12,1,3,0,445
2022-06-07 04:00:00,78,2,32,3,18,12,1,4,0,294
2022-06-07 05:00:00,78,2,32,3,18,12,1,5,0,104
2022-06-07 06:00:00,78,2,32,3,18,12,1,6,0,35
2022-06-07 07:00:00,78,2,32,3,18,12,1,7,0,17
2022-06-07 08:00:00,78,2,32,3,18,12,1,8,0,14
2022-06-07 09:00:00,78,2,32,3,18,12,1,9,0,30
2022-06-07 10:00:00,78,2,32,3,18,12,1,10,0,58
2022-06-07 11:00:00,78,2,32,3,18,12,1,11,0,205
2022-06-07 12:00:00,78,2,32,3,18,12,1,12,0,276
2022-06-07 13:00:00,78,2,32,3,18,12,1,13,0,457
2022-06-07 14:00:00,78,2,32,3,18,12,1,14,0,531
2022-06-07 15:00:00,78,2,32,3,18,12,1,15,0,569
2022-06-07 16:00:00,78,2,32,3,18,12,1,16,0,389
2022-06-07 17:00:00,78,2,32,3,18,12,1,17,0,425
2022-06-07 18:00:00,78,2,32,3,18,12,1,18,0,424
2022-06-07 19:00:00,78,2,32,3,18,12,1,19,0,480
2022-06-07 20:00:00,78,2,32,3,18,12,1,20,0,451
2022-06-07 21:00:00,78,2,32,3,18,12,1,21,0,431
2022-06-07 22:00:00,78,2,32,3,18,12,1,22,0,421
2022-06-07 23:00:00,78,2,32,3,18,12,1,23,0,565
2022-06-08 00:00:00,79,2,33,3,19,12,2,0,0,498
2022-06-08 01:00:00,79,2,33,3,19,12,2,1,0,557
2022-06-08 02:00:00,79,2,33,3,19,12,2,2,0,540
2022-06-08 03:00:00,79,2,33,3,19,12,2,3,0,366
2022-06-08 04:00:00,79,2,33,3,19,12,2,4,0,209
2022-06-08 05:00:00,79,2,33,3,19,12,2,5,0,106
2022-06-08 06:00:00,79,2,33,3,19,12,2,6,0,21
2022-06-08 07:00:00,79,2,33,3,19,12,2,7,0,12
2022-06-08 08:00:00,79,2,33,3,19,12,2,8,0,11
2022-06-08 09:00:00,79,2,33,3,19,12,2,9,0,24
2022-06-08 10:00:00,79,2,33,3,19,12,2,10,0,61
2022-06-08 11:00:00,79,2,33,3,19,12,2,11,0,168
2022-06-08 12:00:00,79,2,33,3,19,12,2,12,0,350
2022-06-08 13:00:00,79,2,33,3,19,12,2,13,0,404
2022-06-08 14:00:00,79,2,33,3,19,12,2,14,0,476
2022-06-08 15:00:00,79,2,33,3,19,12,2,15,0,557
2022-06-08 16:00:00,79,2,33,3,19,12,2,16,0,572
2022-06-08 17:00:00,79,2,33,3,19,12,2,17,0,431
2022-06-08 18:00:00,79,2,33,3,19,12,2,18,0,427
2022-06-08 19:00:00,79,2,33,3,19,12,2,19,0,522
2022-06-08 20:00:00,79,2,33,3,19,12,2,20,0,486
2022-06-08 21:00:00,79,2,33,3,19,12,2,21,0,578
2022-06-08 22:00:00,79,2,33,3,19,12,2,22,0,551
2022-06-08 23:00:00,79,2,33,3,19,12,2,23,0,578
2022-06-09 00:00:00,80,2,34,3,20,12,3,0,0,479
2022-06-09 01:00:00,80,2,34,3,20,12,3,1,0,469
2022-06-09 02:00:00,80,2,34,3,20,12,3,2,0,444
2022-06-09 03:00:00,80,2,34,3,20,12,3,3,0,393
2022-06-09 04:00:00,80,2,34,3,20,12,3,4,0,214
2022-06-09 05:00:00,80,2,34,3,20,12,3,5,0,81
2022-06-09 06:00:00,80,2,34,3,20,12,3,6,0,39
2022-06-09 07:00:00,80,2,34,3,20,12,3,7,0,17
2022-06-09 08:00:00,80,2,34,3,20,12,3,8,0,6
2022-06-09 09:00:00,80,2,34,3,20,12,3,9,0,17
2022-06-09 10:00:00,80,2,34,3,20,12,3,10,0,54
2022-06-09 11:00:00,80,2,34,3,20,12,3,11,0,164
2022-06-09 12:00:00,80,2,34,3,20,12,3,12,0,261
2022-06-09 13:00:00,80,2,34,3,20,12,3,13,0,434
2022-06-09 14:00:00,80,2,34,3,20,12,3,14,0,469
2022-06-09 15:00:00,80,2,34,3,20,12,3,15,0,537
2022-06-09 16:00:00,80,2,34,3,20,12,3,16,0,449
2022-06-09 17:00:00,80,2,34,3,20,12,3,17,0,380
2022-06-09 18:00:00,80,2,34,3,20,12,3,18,0,384
2022-06-09 19:00:00,80,2,34,3,20,12,3,19,0,494
2022-06-09 20:00:00,80,2,34,3,20,12,3,20,0,423
2022-06-09 21:00:00,80,2,34,3,20,12,3,21,0,497
2022-06-09 22:00:00,80,2,34,3,20,12,3,22,0,489
2022-06-09 23:00:00,80,2,34,3,20,12,3,23,0,481
2022-06-10 00:00:00,81,2,35,3,21,12,4,0,0,485
2022-06-10 01:00:00,81,2,35,3,21,12,4,1,0,444
2022-06-10 02:00:00,81,2,35,3,21,12,4,2,0,422
2022-06-10 03:00:00,81,2,35,3,21,12,4,3,0,375
2022-06-10 04:00:00,81,2,35,3,21,12,4,4,0,245
2022-06-10 05:00:00,81,2,35,3,21,12,4,5,0,71
2022-06-10 06:00:00,81,2,35,3,21,12,4,6,0,32
2022-06-10 07:00:00,81,2,35,3,21,12,4,7,0,12
2022-06-10 08:00:00,81,2,35,3,21,12,4,8,0,2
2022-06-10 09:00:00,81,2,35,3,21,12,4,9,0,12
2022-06-10 10:00:00,81,2,35,3,21,12,4,10,0,44
2022-06-10 11:00:00,81,2,35,3,21,12,4,11,0,146
2022-06-10 12:00:00,81,2,35,3,21,12,4,12,0,324
2022-06-10 13:00:00,81,2,35,3,21,12,4,13,0,461
2022-06-10 14:00:00,81,2,35,3,21,12,4,14,0,445
2022-06-10 15:00:00,81,2,35,3,21,12,4,15,0,524
2022-06-10 16:00:00,81,2,35,3,21,12,4,16,0,465
2022-06-10 17:00:00,81,2,35,3,21,12,4,17,0,325
2022-06-10 18:00:00,81,2,35,3,21,12,4,18,0,434
2022-06-10 19:00:00,81,2,35,3,21,12,4,19,0,403
2022-06-10 20:00:00,81,2,35,3,21,12,4,20,0,460
2022-06-10 21:00:00,81,2,35,3,21,12,4,21,0,513
2022-06-10 22:00:00,81,2,35,3,21,12,4,22,0,483
2022-06-10 23:00:00,81,2,35,3,21,12,4,23,0,326
